Time,IMU_SHIN_L_YAW,IMU_SHIN_L_PITCH,IMU_SHIN_L_ROLL,IMU_SHIN_R_YAW,IMU_SHIN_R_PITCH,IMU_SHIN_R_ROLL,
10.47,0.00,0.03,-4.71,0.00,-0.11,-1.87,
10.47,0.00,0.03,-4.71,0.00,-0.11,-1.87,
10.47,0.00,0.03,-4.71,0.00,-0.11,-1.87,
10.49,0.00,0.03,-4.78,-0.01,-0.11,-1.91,
10.50,0.00,0.03,-4.78,0.00,-0.11,-1.91,
10.51,0.00,0.03,-4.78,0.00,-0.11,-1.91,
10.52,0.00,0.03,-4.78,0.00,-0.11,-1.91,
10.53,0.00,0.03,-4.78,0.00,-0.11,-1.91,
10.54,0.00,0.03,-4.78,0.00,-0.11,-1.91,
10.55,0.00,0.03,-4.78,0.00,-0.11,-1.91,
10.56,0.00,0.03,-4.78,0.00,-0.11,-1.91,
10.57,0.00,0.03,-4.78,0.00,-0.11,-1.91,
10.58,0.00,0.02,-4.78,0.00,-0.11,-1.91,
10.59,0.00,0.02,-4.78,0.00,-0.11,-1.91,
10.60,0.00,0.02,-4.78,0.00,-0.11,-1.91,
10.61,0.00,0.02,-4.78,0.00,-0.11,-1.91,
10.62,0.00,0.02,-4.78,0.00,-0.11,-1.91,
10.63,0.00,0.02,-4.78,0.00,-0.11,-1.91,
10.64,0.00,0.02,-4.78,0.00,-0.11,-1.91,
10.65,0.00,0.02,-4.78,0.00,-0.12,-1.91,
10.66,0.00,0.02,-4.78,0.00,-0.11,-1.91,
10.67,0.00,0.02,-4.78,0.00,-0.11,-1.91,
10.68,0.00,0.03,-4.78,0.00,-0.11,-1.92,
10.69,0.00,0.03,-4.78,0.00,-0.11,-1.92,
10.70,0.00,0.03,-4.78,0.00,-0.11,-1.92,
10.71,0.00,0.03,-4.78,0.00,-0.11,-1.92,
10.72,0.00,0.03,-4.78,-0.01,-0.11,-1.92,
10.73,0.00,0.03,-4.78,-0.01,-0.11,-1.92,
10.74,0.00,0.03,-4.78,-0.01,-0.11,-1.92,
10.75,0.00,0.03,-4.78,-0.01,-0.11,-1.92,
10.76,0.00,0.03,-4.78,-0.01,-0.12,-1.92,
10.77,0.00,0.03,-4.78,-0.01,-0.12,-1.92,
10.78,0.00,0.03,-4.78,-0.01,-0.11,-1.92,
10.79,0.00,0.03,-4.78,-0.01,-0.11,-1.92,
10.80,0.00,0.03,-4.78,-0.01,-0.11,-1.92,
10.81,0.00,0.03,-4.77,-0.01,-0.11,-1.92,
10.82,0.00,0.03,-4.77,-0.01,-0.11,-1.92,
10.83,0.00,0.03,-4.77,-0.01,-0.11,-1.92,
10.84,0.00,0.03,-4.77,-0.01,-0.11,-1.92,
10.85,0.00,0.03,-4.77,-0.01,-0.12,-1.92,
10.86,0.00,0.03,-4.77,-0.01,-0.12,-1.92,
10.87,0.00,0.03,-4.77,-0.01,-0.12,-1.92,
10.88,0.00,0.03,-4.77,0.00,-0.12,-1.92,
10.89,0.00,0.03,-4.77,0.00,-0.12,-1.93,
10.90,0.00,0.03,-4.77,0.00,-0.12,-1.93,
10.91,0.00,0.03,-4.77,0.00,-0.13,-1.93,
10.92,0.00,0.03,-4.77,0.00,-0.13,-1.93,
10.93,0.00,0.03,-4.77,0.00,-0.13,-1.93,
10.94,0.00,0.03,-4.77,0.00,-0.13,-1.93,
10.95,0.00,0.03,-4.77,0.00,-0.13,-1.93,
10.96,0.00,0.03,-4.77,0.00,-0.13,-1.93,
10.97,0.00,0.03,-4.77,0.00,-0.13,-1.93,
10.98,0.00,0.03,-4.77,0.00,-0.13,-1.93,
10.99,0.00,0.03,-4.77,0.00,-0.13,-1.93,
11.00,0.00,0.03,-4.77,0.00,-0.13,-1.93,
11.01,0.00,0.03,-4.77,0.00,-0.13,-1.93,
11.02,0.00,0.03,-4.77,0.00,-0.13,-1.93,
11.03,0.00,0.03,-4.77,0.00,-0.13,-1.93,
11.04,0.00,0.03,-4.77,0.00,-0.13,-1.93,
11.05,0.00,0.03,-4.77,0.00,-0.13,-1.93,
11.06,0.00,0.03,-4.77,0.00,-0.13,-1.93,
11.07,0.00,0.03,-4.77,0.00,-0.13,-1.93,
11.08,0.00,0.03,-4.77,0.00,-0.13,-1.93,
11.09,0.00,0.03,-4.77,0.00,-0.13,-1.93,
11.10,0.00,0.03,-4.77,0.00,-0.13,-1.93,
11.11,0.00,0.03,-4.77,0.00,-0.13,-1.93,
11.12,0.00,0.03,-4.77,0.00,-0.13,-1.93,
11.13,0.00,0.03,-4.76,0.00,-0.13,-1.93,
11.14,0.00,0.03,-4.76,0.00,-0.13,-1.93,
11.15,0.00,0.03,-4.76,0.00,-0.13,-1.93,
11.16,0.00,0.03,-4.76,0.00,-0.13,-1.93,
11.17,0.00,0.03,-4.76,0.00,-0.13,-1.93,
11.18,0.00,0.03,-4.76,0.00,-0.13,-1.93,
11.19,0.00,0.03,-4.76,0.00,-0.13,-1.93,
11.20,0.00,0.03,-4.76,0.00,-0.13,-1.93,
11.21,0.00,0.03,-4.76,0.00,-0.13,-1.93,
11.22,0.00,0.03,-4.76,0.00,-0.13,-1.93,
11.23,0.00,0.03,-4.76,0.00,-0.13,-1.93,
11.24,0.00,0.03,-4.76,0.00,-0.13,-1.93,
11.25,0.00,0.03,-4.76,0.00,-0.13,-1.93,
11.26,0.00,0.03,-4.76,0.00,-0.13,-1.93,
11.27,0.00,0.03,-4.76,0.00,-0.13,-1.93,
11.28,0.00,0.03,-4.76,0.00,-0.13,-1.93,
11.29,0.00,0.03,-4.76,0.00,-0.13,-1.93,
11.30,0.00,0.03,-4.76,0.00,-0.13,-1.93,
11.31,0.00,0.03,-4.76,0.00,-0.13,-1.93,
11.32,0.00,0.03,-4.76,0.00,-0.13,-1.93,
11.33,0.00,0.03,-4.76,0.00,-0.13,-1.93,
11.34,0.00,0.03,-4.76,0.00,-0.13,-1.93,
11.35,0.00,0.03,-4.76,0.00,-0.13,-1.93,
11.36,0.00,0.03,-4.76,0.00,-0.13,-1.93,
11.37,0.00,0.03,-4.76,0.00,-0.13,-1.93,
11.38,0.00,0.03,-4.76,0.00,-0.13,-1.93,
11.39,0.00,0.03,-4.76,0.00,-0.13,-1.93,
11.40,0.00,0.03,-4.76,0.00,-0.13,-1.93,
11.41,0.00,0.03,-4.76,0.00,-0.13,-1.93,
11.42,0.00,0.03,-4.76,0.00,-0.13,-1.93,
11.43,0.00,0.03,-4.76,0.00,-0.13,-1.93,
11.44,0.00,0.03,-4.76,0.00,-0.13,-1.93,
11.45,0.00,0.02,-4.76,0.00,-0.13,-1.93,
11.46,0.00,0.02,-4.76,0.00,-0.13,-1.93,
11.47,0.00,0.02,-4.76,0.00,-0.13,-1.93,
11.48,0.00,0.02,-4.76,0.00,-0.13,-1.93,
11.49,0.00,0.02,-4.76,0.00,-0.13,-1.93,
11.50,0.00,0.02,-4.76,0.00,-0.13,-1.93,
11.51,0.00,0.02,-4.76,0.00,-0.13,-1.93,
11.52,0.00,0.02,-4.76,0.00,-0.13,-1.93,
11.53,0.00,0.02,-4.76,0.00,-0.13,-1.92,
11.54,0.00,0.02,-4.76,0.00,-0.13,-1.92,
11.55,0.00,0.02,-4.76,0.00,-0.13,-1.92,
11.56,0.00,0.02,-4.76,0.00,-0.13,-1.92,
11.57,0.00,0.03,-4.76,0.00,-0.13,-1.92,
11.58,0.00,0.03,-4.76,0.00,-0.13,-1.92,
11.59,0.00,0.03,-4.76,0.00,-0.13,-1.92,
11.60,0.00,0.03,-4.76,0.00,-0.13,-1.92,
11.61,0.00,0.03,-4.76,0.00,-0.13,-1.92,
11.62,0.00,0.03,-4.76,0.00,-0.13,-1.92,
11.63,0.00,0.03,-4.76,0.00,-0.13,-1.92,
11.64,0.00,0.03,-4.76,0.00,-0.13,-1.92,
11.65,0.00,0.03,-4.76,0.00,-0.13,-1.92,
11.66,0.00,0.03,-4.76,0.00,-0.13,-1.92,
11.67,0.00,0.03,-4.75,0.00,-0.13,-1.92,
11.68,0.00,0.03,-4.75,0.00,-0.13,-1.92,
11.69,0.00,0.03,-4.75,0.00,-0.13,-1.92,
11.70,0.00,0.03,-4.75,0.00,-0.13,-1.92,
11.71,0.00,0.03,-4.75,0.00,-0.13,-1.92,
11.72,0.00,0.03,-4.75,0.00,-0.13,-1.92,
11.73,0.00,0.03,-4.75,0.00,-0.13,-1.92,
11.74,0.00,0.03,-4.75,0.00,-0.13,-1.92,
11.75,0.00,0.03,-4.75,0.00,-0.13,-1.92,
11.76,0.00,0.03,-4.75,0.00,-0.13,-1.92,
11.77,0.00,0.03,-4.75,0.00,-0.13,-1.92,
11.78,0.00,0.03,-4.75,0.00,-0.13,-1.92,
11.79,0.00,0.03,-4.75,0.00,-0.13,-1.92,
11.80,0.00,0.03,-4.75,0.00,-0.13,-1.92,
11.81,0.00,0.03,-4.75,0.00,-0.13,-1.92,
11.82,0.00,0.03,-4.75,0.00,-0.12,-1.92,
11.83,0.00,0.03,-4.75,0.00,-0.12,-1.92,
11.84,0.00,0.03,-4.75,0.00,-0.12,-1.92,
11.85,0.00,0.03,-4.75,0.00,-0.12,-1.92,
11.86,0.00,0.03,-4.75,0.00,-0.12,-1.92,
11.88,0.00,0.03,-4.75,0.00,-0.12,-1.92,
11.89,0.00,0.03,-4.75,0.00,-0.12,-1.92,
11.90,0.00,0.03,-4.75,0.00,-0.12,-1.92,
11.90,0.00,0.03,-4.75,0.00,-0.12,-1.92,
11.91,0.00,0.03,-4.75,0.00,-0.12,-1.92,
11.93,0.00,0.03,-4.75,0.00,-0.12,-1.92,
11.94,0.00,0.03,-4.75,0.00,-0.12,-1.92,
11.94,0.00,0.03,-4.75,0.00,-0.12,-1.93,
11.95,0.00,0.03,-4.75,0.00,-0.12,-1.93,
11.97,0.00,0.03,-4.75,0.00,-0.12,-1.93,
11.98,0.00,0.03,-4.75,0.00,-0.12,-1.93,
11.98,0.00,0.03,-4.75,0.00,-0.12,-1.93,
11.99,0.00,0.03,-4.75,0.00,-0.12,-1.93,
12.01,0.00,0.03,-4.75,0.00,-0.12,-1.93,
12.02,0.00,0.03,-4.76,0.00,-0.12,-1.93,
12.02,0.00,0.03,-4.76,0.00,-0.12,-1.93,
12.03,0.00,0.03,-4.76,0.00,-0.12,-1.93,
12.05,0.00,0.03,-4.76,0.00,-0.12,-1.93,
12.06,0.00,0.03,-4.76,0.00,-0.12,-1.93,
12.06,0.00,0.03,-4.76,0.00,-0.12,-1.93,
12.07,0.00,0.03,-4.76,0.00,-0.12,-1.93,
12.09,0.00,0.03,-4.76,0.00,-0.12,-1.93,
12.10,0.00,0.03,-4.76,0.00,-0.12,-1.93,
12.10,0.00,0.03,-4.76,0.00,-0.12,-1.93,
12.11,0.00,0.03,-4.76,0.00,-0.12,-1.93,
12.12,0.00,0.03,-4.76,0.00,-0.12,-1.93,
12.14,0.00,0.03,-4.76,0.00,-0.12,-1.93,
12.15,0.00,0.03,-4.76,0.00,-0.12,-1.93,
12.15,0.00,0.03,-4.76,0.00,-0.12,-1.93,
12.17,0.00,0.03,-4.76,0.00,-0.12,-1.93,
12.18,0.00,0.03,-4.76,0.00,-0.12,-1.93,
12.19,0.00,0.03,-4.76,0.00,-0.12,-1.93,
12.20,0.00,0.03,-4.76,0.00,-0.12,-1.93,
12.20,0.00,0.02,-4.76,0.00,-0.12,-1.93,
12.22,0.00,0.02,-4.76,0.00,-0.12,-1.93,
12.23,0.00,0.02,-4.76,0.00,-0.12,-1.93,
12.23,0.00,0.02,-4.76,0.00,-0.12,-1.93,
12.24,0.00,0.02,-4.76,0.00,-0.12,-1.93,
12.26,0.00,0.02,-4.76,0.00,-0.12,-1.93,
12.27,0.00,0.02,-4.76,0.00,-0.12,-1.93,
12.27,0.00,0.02,-4.76,0.00,-0.12,-1.93,
12.28,0.00,0.02,-4.76,0.00,-0.12,-1.93,
12.30,0.00,0.02,-4.76,0.00,-0.12,-1.93,
12.31,0.00,0.02,-4.76,0.00,-0.12,-1.93,
12.31,0.00,0.02,-4.76,0.00,-0.12,-1.93,
12.33,0.00,0.02,-4.76,0.00,-0.12,-1.93,
12.34,0.00,0.02,-4.76,0.00,-0.12,-1.92,
12.35,0.00,0.02,-4.76,0.00,-0.12,-1.92,
12.36,0.00,0.02,-4.76,0.00,-0.12,-1.92,
12.37,0.00,0.02,-4.76,0.00,-0.12,-1.92,
12.38,0.00,0.02,-4.76,0.00,-0.12,-1.92,
12.39,0.00,0.02,-4.76,0.00,-0.12,-1.92,
12.40,0.00,0.02,-4.76,0.00,-0.12,-1.92,
12.41,0.00,0.02,-4.76,0.00,-0.12,-1.92,
12.42,0.00,0.02,-4.76,0.00,-0.12,-1.92,
12.43,0.00,0.02,-4.76,0.00,-0.12,-1.92,
12.44,0.00,0.02,-4.76,0.00,-0.12,-1.92,
12.45,0.00,0.02,-4.76,0.00,-0.12,-1.92,
12.46,0.00,0.02,-4.76,0.00,-0.12,-1.92,
12.47,0.00,0.02,-4.76,0.00,-0.12,-1.92,
12.48,0.00,0.02,-4.76,0.00,-0.12,-1.92,
12.49,0.00,0.02,-4.76,0.00,-0.12,-1.92,
12.50,0.00,0.02,-4.76,0.00,-0.12,-1.92,
12.51,0.00,0.02,-4.76,0.00,-0.12,-1.92,
12.52,0.00,0.02,-4.76,0.00,-0.12,-1.92,
12.53,0.00,0.02,-4.76,0.00,-0.12,-1.92,
12.54,0.00,0.02,-4.76,0.00,-0.12,-1.92,
12.55,0.00,0.02,-4.76,0.00,-0.12,-1.92,
12.56,0.00,0.02,-4.76,0.00,-0.12,-1.92,
12.57,0.00,0.02,-4.76,0.00,-0.12,-1.92,
12.58,0.00,0.02,-4.76,0.00,-0.12,-1.92,
12.59,0.00,0.02,-4.76,0.00,-0.12,-1.92,
12.60,0.00,0.02,-4.76,0.00,-0.12,-1.92,
12.61,0.00,0.02,-4.76,0.00,-0.12,-1.92,
12.62,0.00,0.02,-4.76,0.00,-0.12,-1.92,
12.63,0.00,0.02,-4.76,0.00,-0.12,-1.92,
12.64,0.00,0.02,-4.76,0.00,-0.12,-1.92,
12.65,0.00,0.02,-4.76,0.00,-0.12,-1.92,
12.66,0.00,0.02,-4.75,0.00,-0.12,-1.92,
12.67,0.00,0.02,-4.75,0.00,-0.12,-1.92,
12.68,0.00,0.02,-4.75,0.00,-0.12,-1.92,
12.69,0.00,0.02,-4.75,0.00,-0.12,-1.92,
12.70,0.00,0.02,-4.75,0.00,-0.12,-1.92,
12.71,0.00,0.02,-4.75,0.00,-0.12,-1.92,
12.72,0.00,0.02,-4.75,0.00,-0.12,-1.92,
12.73,0.00,0.02,-4.75,0.00,-0.12,-1.92,
12.74,0.00,0.02,-4.75,0.00,-0.12,-1.92,
12.75,0.00,0.02,-4.75,0.00,-0.12,-1.92,
12.76,0.00,0.02,-4.75,0.00,-0.12,-1.92,
12.77,0.00,0.02,-4.75,0.00,-0.12,-1.92,
12.78,0.00,0.02,-4.75,0.00,-0.12,-1.92,
12.79,0.00,0.02,-4.75,0.00,-0.12,-1.92,
12.80,0.00,0.02,-4.75,0.00,-0.12,-1.92,
12.81,0.00,0.02,-4.74,0.00,-0.12,-1.92,
12.82,0.00,0.02,-4.74,0.00,-0.12,-1.92,
12.83,0.00,0.02,-4.74,0.00,-0.12,-1.92,
12.84,0.00,0.03,-4.74,0.00,-0.12,-1.92,
12.85,0.00,0.03,-4.74,0.00,-0.12,-1.92,
12.86,0.00,0.03,-4.74,0.00,-0.12,-1.92,
12.87,0.00,0.03,-4.74,0.00,-0.12,-1.92,
12.88,0.00,0.03,-4.74,0.00,-0.12,-1.91,
12.89,0.00,0.03,-4.74,0.00,-0.12,-1.91,
12.90,0.00,0.03,-4.74,0.00,-0.12,-1.91,
12.91,0.00,0.03,-4.74,0.00,-0.12,-1.91,
12.92,0.00,0.03,-4.74,0.00,-0.12,-1.91,
12.93,0.00,0.03,-4.74,0.00,-0.12,-1.91,
12.94,0.00,0.03,-4.74,0.00,-0.12,-1.91,
12.95,0.00,0.03,-4.74,0.00,-0.12,-1.91,
12.96,0.00,0.03,-4.74,0.00,-0.12,-1.91,
12.97,0.00,0.03,-4.74,0.00,-0.12,-1.91,
12.98,0.00,0.03,-4.74,0.00,-0.12,-1.91,
12.99,0.00,0.03,-4.73,0.00,-0.12,-1.91,
13.00,0.00,0.03,-4.73,0.00,-0.12,-1.91,
13.01,0.00,0.03,-4.73,0.00,-0.12,-1.91,
13.02,0.00,0.03,-4.73,0.00,-0.12,-1.91,
13.03,0.00,0.03,-4.73,0.00,-0.12,-1.91,
13.04,0.00,0.03,-4.73,0.00,-0.12,-1.91,
13.05,0.00,0.03,-4.73,0.00,-0.12,-1.91,
13.06,0.00,0.03,-4.73,0.00,-0.12,-1.91,
13.07,0.00,0.03,-4.73,0.00,-0.12,-1.90,
13.08,0.00,0.03,-4.73,0.00,-0.12,-1.90,
13.09,0.00,0.03,-4.73,0.00,-0.13,-1.90,
13.10,0.00,0.03,-4.73,0.00,-0.13,-1.90,
13.11,0.00,0.03,-4.73,0.00,-0.13,-1.90,
13.12,0.00,0.02,-4.73,0.00,-0.13,-1.90,
13.13,0.00,0.02,-4.73,0.00,-0.13,-1.90,
13.14,0.00,0.02,-4.73,0.00,-0.13,-1.90,
13.15,0.00,0.02,-4.73,0.00,-0.13,-1.90,
13.16,0.00,0.02,-4.73,0.00,-0.13,-1.90,
13.17,0.00,0.02,-4.73,0.00,-0.13,-1.90,
13.18,0.00,0.02,-4.73,0.00,-0.13,-1.90,
13.19,0.00,0.03,-4.73,0.00,-0.13,-1.90,
13.20,0.00,0.03,-4.73,0.00,-0.13,-1.90,
13.21,0.00,0.03,-4.73,0.00,-0.13,-1.90,
13.22,0.00,0.03,-4.73,0.00,-0.13,-1.90,
13.23,0.00,0.03,-4.73,0.00,-0.13,-1.90,
13.24,0.00,0.03,-4.73,0.00,-0.13,-1.90,
13.25,0.00,0.03,-4.73,0.00,-0.13,-1.90,
13.26,0.00,0.03,-4.73,0.00,-0.13,-1.90,
13.27,0.00,0.03,-4.73,0.00,-0.13,-1.90,
13.28,0.00,0.03,-4.73,0.00,-0.13,-1.90,
13.29,0.00,0.03,-4.73,0.00,-0.13,-1.90,
13.30,0.00,0.03,-4.73,0.00,-0.13,-1.90,
13.31,0.00,0.03,-4.73,0.00,-0.13,-1.90,
13.32,0.00,0.03,-4.73,0.00,-0.13,-1.89,
13.33,0.00,0.03,-4.73,0.00,-0.13,-1.89,
13.34,0.00,0.03,-4.73,0.00,-0.13,-1.89,
13.35,0.00,0.03,-4.73,0.00,-0.13,-1.89,
13.36,0.00,0.03,-4.73,0.00,-0.13,-1.89,
13.37,0.00,0.03,-4.73,0.00,-0.13,-1.90,
13.38,0.00,0.03,-4.73,0.00,-0.13,-1.90,
13.39,0.00,0.03,-4.73,0.00,-0.13,-1.90,
13.40,0.00,0.03,-4.73,0.00,-0.13,-1.90,
13.41,0.00,0.03,-4.73,0.00,-0.13,-1.90,
13.42,0.00,0.03,-4.73,0.00,-0.13,-1.90,
13.43,0.00,0.03,-4.73,0.00,-0.13,-1.90,
13.44,0.00,0.03,-4.73,0.00,-0.13,-1.90,
13.45,0.00,0.03,-4.73,0.00,-0.13,-1.90,
13.46,0.00,0.03,-4.73,0.00,-0.13,-1.90,
13.47,0.00,0.03,-4.73,0.00,-0.13,-1.90,
13.48,0.00,0.03,-4.73,0.00,-0.13,-1.90,
13.49,0.00,0.03,-4.73,0.00,-0.13,-1.90,
13.50,0.00,0.03,-4.73,0.00,-0.13,-1.90,
13.51,0.00,0.03,-4.73,0.00,-0.13,-1.90,
13.52,0.00,0.03,-4.73,0.00,-0.13,-1.90,
13.53,0.00,0.03,-4.73,0.00,-0.13,-1.90,
13.54,0.00,0.03,-4.73,0.00,-0.13,-1.90,
13.55,0.00,0.03,-4.73,0.00,-0.13,-1.90,
13.56,0.00,0.03,-4.73,0.00,-0.13,-1.90,
13.57,0.00,0.03,-4.73,0.00,-0.13,-1.90,
13.58,0.00,0.02,-4.73,0.00,-0.13,-1.90,
13.59,0.00,0.02,-4.73,0.00,-0.13,-1.89,
13.60,0.00,0.02,-4.73,0.00,-0.13,-1.90,
13.61,0.00,0.02,-4.73,0.00,-0.13,-1.90,
13.62,0.00,0.02,-4.73,0.00,-0.13,-1.90,
13.63,0.00,0.02,-4.73,0.00,-0.13,-1.90,
13.64,0.00,0.02,-4.73,0.00,-0.13,-1.90,
13.65,0.00,0.02,-4.73,0.00,-0.13,-1.90,
13.66,0.00,0.02,-4.73,0.00,-0.13,-1.90,
13.67,0.00,0.02,-4.73,0.00,-0.13,-1.90,
13.68,0.00,0.02,-4.73,0.00,-0.13,-1.90,
13.69,0.00,0.02,-4.73,0.00,-0.13,-1.90,
13.70,0.00,0.02,-4.73,0.00,-0.13,-1.90,
13.71,0.00,0.02,-4.73,0.00,-0.13,-1.90,
13.72,0.00,0.02,-4.73,0.00,-0.13,-1.90,
13.73,0.00,0.02,-4.73,0.00,-0.13,-1.90,
13.74,0.00,0.02,-4.73,0.00,-0.13,-1.90,
13.75,0.00,0.02,-4.73,0.00,-0.13,-1.90,
13.76,0.00,0.02,-4.73,0.00,-0.13,-1.90,
13.77,0.00,0.02,-4.73,0.00,-0.13,-1.90,
13.78,0.00,0.02,-4.73,0.00,-0.13,-1.90,
13.79,0.00,0.02,-4.73,0.00,-0.13,-1.90,
13.80,0.00,0.02,-4.73,0.00,-0.13,-1.90,
13.81,0.00,0.02,-4.73,0.00,-0.13,-1.90,
13.82,0.00,0.02,-4.73,0.00,-0.13,-1.90,
13.83,0.00,0.02,-4.73,0.00,-0.13,-1.90,
13.84,0.00,0.02,-4.73,0.00,-0.13,-1.90,
13.85,0.00,0.02,-4.73,0.00,-0.13,-1.90,
13.86,0.00,0.02,-4.73,0.00,-0.13,-1.90,
13.87,0.00,0.02,-4.73,0.00,-0.13,-1.90,
13.88,0.00,0.02,-4.73,0.00,-0.13,-1.90,
13.89,0.00,0.02,-4.73,0.00,-0.13,-1.90,
13.90,0.00,0.02,-4.73,0.00,-0.13,-1.90,
13.91,0.00,0.02,-4.73,0.00,-0.13,-1.90,
13.92,0.00,0.02,-4.73,0.00,-0.13,-1.90,
13.93,0.00,0.02,-4.73,0.00,-0.13,-1.90,
13.94,0.00,0.02,-4.73,0.00,-0.13,-1.90,
13.95,0.00,0.02,-4.73,0.00,-0.13,-1.90,
13.96,0.00,0.02,-4.73,0.00,-0.13,-1.90,
13.97,0.00,0.02,-4.73,0.00,-0.13,-1.90,
13.98,0.00,0.02,-4.73,0.00,-0.13,-1.90,
13.99,0.00,0.01,-4.72,0.00,-0.13,-1.90,
14.00,0.00,0.01,-4.72,0.00,-0.13,-1.90,
14.01,0.00,0.01,-4.72,0.00,-0.13,-1.90,
14.02,0.00,0.01,-4.72,0.00,-0.13,-1.90,
14.03,0.00,0.01,-4.72,0.00,-0.13,-1.90,
14.04,0.00,0.01,-4.72,0.00,-0.13,-1.90,
14.05,0.00,0.01,-4.72,0.00,-0.13,-1.90,
14.06,0.00,0.01,-4.72,0.00,-0.13,-1.90,
14.07,0.00,0.01,-4.72,0.00,-0.13,-1.90,
14.08,0.00,0.01,-4.72,0.00,-0.13,-1.90,
14.09,0.00,0.01,-4.72,0.00,-0.13,-1.90,
14.10,0.00,0.01,-4.72,0.00,-0.13,-1.90,
14.11,0.00,0.01,-4.72,0.00,-0.13,-1.90,
14.12,0.00,0.01,-4.72,0.00,-0.13,-1.90,
14.13,0.00,0.01,-4.72,0.00,-0.13,-1.90,
14.14,0.00,0.01,-4.72,0.00,-0.13,-1.90,
14.15,0.00,0.01,-4.72,0.00,-0.13,-1.90,
14.16,0.00,0.02,-4.72,0.00,-0.13,-1.90,
14.17,0.00,0.02,-4.72,0.00,-0.13,-1.90,
14.18,0.00,0.02,-4.72,0.00,-0.13,-1.90,
14.19,0.00,0.02,-4.72,0.00,-0.13,-1.90,
14.20,0.00,0.02,-4.72,0.00,-0.13,-1.90,
14.21,0.00,0.02,-4.72,0.00,-0.13,-1.90,
14.22,0.00,0.02,-4.72,0.00,-0.13,-1.90,
14.23,0.00,0.02,-4.72,0.00,-0.13,-1.90,
14.24,0.00,0.02,-4.72,0.00,-0.13,-1.90,
14.25,0.00,0.02,-4.72,0.00,-0.13,-1.90,
14.26,0.00,0.02,-4.72,0.00,-0.13,-1.90,
14.27,0.00,0.02,-4.72,0.00,-0.13,-1.90,
14.28,0.00,0.02,-4.72,0.00,-0.13,-1.90,
14.29,0.00,0.02,-4.72,0.00,-0.13,-1.90,
14.30,0.00,0.02,-4.72,0.00,-0.13,-1.90,
14.31,0.00,0.02,-4.72,0.00,-0.13,-1.90,
14.32,0.00,0.02,-4.72,0.00,-0.13,-1.90,
14.33,0.00,0.02,-4.72,0.00,-0.13,-1.90,
14.34,0.00,0.02,-4.72,0.00,-0.13,-1.90,
14.35,0.00,0.02,-4.72,0.00,-0.13,-1.90,
14.36,0.00,0.02,-4.71,0.00,-0.13,-1.90,
14.37,0.00,0.02,-4.71,0.00,-0.13,-1.90,
14.38,0.00,0.02,-4.71,0.00,-0.13,-1.90,
14.39,0.00,0.02,-4.71,0.00,-0.13,-1.90,
14.40,0.00,0.02,-4.71,0.00,-0.13,-1.90,
14.41,0.00,0.02,-4.71,0.00,-0.13,-1.90,
14.42,0.00,0.02,-4.71,0.00,-0.13,-1.90,
14.43,0.00,0.02,-4.71,0.00,-0.13,-1.90,
14.44,0.00,0.02,-4.71,0.00,-0.13,-1.90,
14.45,0.00,0.02,-4.71,0.00,-0.13,-1.90,
14.46,0.00,0.02,-4.71,0.00,-0.13,-1.90,
14.47,0.00,0.02,-4.71,0.00,-0.13,-1.90,
14.48,0.00,0.02,-4.71,0.00,-0.13,-1.90,
14.49,0.00,0.02,-4.71,0.00,-0.13,-1.90,
14.50,0.00,0.02,-4.71,0.00,-0.13,-1.90,
14.51,0.00,0.02,-4.71,0.00,-0.13,-1.90,
14.52,0.00,0.02,-4.71,0.00,-0.13,-1.90,
14.53,0.00,0.02,-4.71,0.00,-0.13,-1.90,
14.54,0.00,0.02,-4.71,0.00,-0.13,-1.90,
14.55,0.00,0.02,-4.71,0.00,-0.13,-1.90,
14.56,0.00,0.02,-4.71,0.00,-0.13,-1.90,
14.57,0.00,0.02,-4.71,0.00,-0.13,-1.90,
14.58,0.00,0.02,-4.71,0.00,-0.13,-1.90,
14.59,0.00,0.02,-4.71,0.00,-0.13,-1.90,
14.60,0.00,0.02,-4.71,0.00,-0.13,-1.90,
14.61,0.00,0.02,-4.71,0.00,-0.13,-1.90,
14.62,0.00,0.02,-4.71,0.00,-0.13,-1.90,
14.63,0.00,0.02,-4.71,0.00,-0.13,-1.90,
14.64,0.00,0.02,-4.71,0.00,-0.13,-1.91,
14.65,0.00,0.02,-4.71,0.00,-0.13,-1.91,
14.66,0.00,0.02,-4.71,0.00,-0.13,-1.91,
14.67,0.00,0.02,-4.71,0.00,-0.13,-1.91,
14.68,0.00,0.02,-4.71,0.00,-0.13,-1.91,
14.69,0.00,0.02,-4.71,0.00,-0.13,-1.91,
14.70,0.00,0.02,-4.71,0.00,-0.13,-1.91,
14.71,0.00,0.02,-4.71,0.00,-0.13,-1.91,
14.72,0.00,0.02,-4.71,0.00,-0.13,-1.91,
14.73,0.00,0.01,-4.71,0.00,-0.13,-1.91,
14.74,0.00,0.01,-4.71,0.00,-0.13,-1.91,
14.75,0.00,0.01,-4.71,0.00,-0.13,-1.91,
14.76,0.00,0.01,-4.71,0.00,-0.13,-1.91,
14.77,0.00,0.01,-4.71,0.00,-0.13,-1.91,
14.78,0.00,0.01,-4.71,0.00,-0.13,-1.91,
14.79,0.00,0.01,-4.71,0.00,-0.13,-1.91,
14.80,0.00,0.01,-4.71,0.00,-0.13,-1.91,
14.81,0.00,0.01,-4.71,0.00,-0.13,-1.91,
14.82,0.00,0.01,-4.71,0.00,-0.13,-1.91,
14.83,0.00,0.01,-4.71,0.00,-0.13,-1.91,
14.84,0.00,0.01,-4.71,0.00,-0.13,-1.91,
14.85,0.00,0.01,-4.71,0.00,-0.13,-1.91,
14.86,0.00,0.01,-4.71,0.00,-0.13,-1.91,
14.87,0.00,0.01,-4.71,0.00,-0.13,-1.91,
14.88,0.00,0.01,-4.72,0.00,-0.13,-1.91,
14.89,0.00,0.01,-4.72,0.00,-0.13,-1.91,
14.90,0.00,0.01,-4.72,0.00,-0.13,-1.91,
14.91,0.00,0.01,-4.72,0.00,-0.13,-1.91,
14.92,0.00,0.01,-4.72,0.00,-0.13,-1.91,
14.93,0.00,0.01,-4.72,0.00,-0.13,-1.91,
14.94,0.00,0.01,-4.72,0.00,-0.13,-1.91,
14.95,0.00,0.01,-4.72,0.00,-0.13,-1.91,
14.96,0.00,0.01,-4.72,0.00,-0.13,-1.91,
14.97,0.00,0.01,-4.72,0.00,-0.13,-1.91,
14.98,0.00,0.01,-4.72,0.00,-0.13,-1.91,
14.99,0.00,0.01,-4.72,0.00,-0.13,-1.91,
15.00,0.00,0.01,-4.72,0.00,-0.13,-1.91,
15.01,0.00,0.01,-4.72,0.00,-0.13,-1.91,
15.02,0.00,0.01,-4.72,0.00,-0.13,-1.91,
15.03,0.00,0.01,-4.72,0.00,-0.13,-1.91,
15.04,0.00,0.01,-4.72,0.00,-0.13,-1.91,
15.05,0.00,0.01,-4.72,0.00,-0.13,-1.91,
15.06,0.00,0.01,-4.72,0.00,-0.13,-1.91,
15.07,0.00,0.01,-4.71,0.00,-0.13,-1.91,
15.08,0.00,0.01,-4.71,0.00,-0.13,-1.91,
15.09,0.00,0.01,-4.71,0.00,-0.13,-1.91,
15.10,0.00,0.01,-4.71,0.00,-0.13,-1.91,
15.11,0.00,0.01,-4.71,0.00,-0.13,-1.91,
15.12,0.00,0.01,-4.71,0.00,-0.13,-1.91,
15.13,0.00,0.01,-4.71,0.00,-0.13,-1.91,
15.14,0.00,0.01,-4.71,0.00,-0.13,-1.91,
15.15,0.00,0.01,-4.71,0.00,-0.13,-1.91,
15.16,0.00,0.01,-4.71,0.00,-0.13,-1.91,
15.17,0.00,0.01,-4.71,0.00,-0.13,-1.91,
15.18,0.00,0.01,-4.71,0.00,-0.13,-1.91,
15.19,0.00,0.01,-4.71,0.00,-0.13,-1.91,
15.20,0.00,0.01,-4.71,0.00,-0.13,-1.91,
15.21,0.00,0.01,-4.71,0.00,-0.13,-1.91,
15.22,0.00,0.01,-4.71,0.00,-0.13,-1.91,
15.23,0.00,0.01,-4.71,0.00,-0.13,-1.91,
15.24,0.00,0.01,-4.71,0.00,-0.13,-1.91,
15.25,0.00,0.01,-4.71,0.00,-0.13,-1.91,
15.26,0.00,0.01,-4.71,0.00,-0.13,-1.91,
15.27,0.00,0.01,-4.71,0.00,-0.13,-1.91,
15.28,0.00,0.01,-4.71,0.00,-0.13,-1.91,
15.29,0.00,0.01,-4.71,0.00,-0.13,-1.91,
15.30,0.00,0.01,-4.71,0.00,-0.13,-1.91,
15.31,0.00,0.01,-4.71,0.00,-0.13,-1.91,
15.32,0.00,0.01,-4.71,0.00,-0.13,-1.91,
15.33,0.00,0.01,-4.71,0.00,-0.13,-1.91,
15.34,0.00,0.01,-4.71,0.00,-0.13,-1.91,
15.35,0.00,0.01,-4.71,0.00,-0.13,-1.91,
15.36,0.00,0.01,-4.71,0.00,-0.13,-1.91,
15.37,0.00,0.01,-4.71,0.00,-0.13,-1.91,
15.38,0.00,0.01,-4.71,0.00,-0.13,-1.91,
15.39,0.00,0.01,-4.71,0.00,-0.13,-1.91,
15.40,0.00,0.01,-4.71,0.00,-0.13,-1.91,
15.41,0.00,0.01,-4.71,0.00,-0.13,-1.91,
15.42,0.00,0.01,-4.71,0.00,-0.12,-1.91,
15.43,0.00,0.01,-4.71,0.00,-0.12,-1.91,
15.44,0.00,0.01,-4.71,0.00,-0.12,-1.91,
15.45,0.00,0.01,-4.71,0.00,-0.12,-1.91,
15.46,0.00,0.01,-4.71,0.00,-0.12,-1.91,
15.47,0.00,0.01,-4.71,0.00,-0.12,-1.91,
15.48,0.00,0.01,-4.71,0.00,-0.12,-1.91,
15.49,0.00,0.01,-4.71,0.00,-0.12,-1.91,
15.50,0.00,0.01,-4.71,0.00,-0.12,-1.91,
15.51,0.00,0.01,-4.71,0.00,-0.12,-1.91,
15.52,0.00,0.01,-4.71,0.00,-0.12,-1.91,
15.53,0.00,0.01,-4.71,0.00,-0.12,-1.91,
15.54,0.00,0.01,-4.71,0.00,-0.12,-1.90,
15.55,0.00,0.01,-4.71,0.00,-0.12,-1.90,
15.56,0.00,0.01,-4.71,0.00,-0.12,-1.90,
15.57,0.00,0.01,-4.71,0.00,-0.12,-1.90,
15.58,0.00,0.01,-4.71,0.00,-0.12,-1.90,
15.59,0.00,0.01,-4.71,0.00,-0.12,-1.90,
15.60,0.00,0.01,-4.71,0.00,-0.12,-1.90,
15.61,0.00,0.01,-4.71,0.00,-0.13,-1.91,
15.62,0.00,0.01,-4.71,0.00,-0.13,-1.91,
15.63,0.00,0.01,-4.71,0.00,-0.13,-1.91,
15.64,0.00,0.01,-4.71,0.00,-0.13,-1.91,
15.65,0.00,0.01,-4.71,0.00,-0.13,-1.91,
15.66,0.00,0.01,-4.71,0.00,-0.13,-1.91,
15.67,0.00,0.01,-4.71,0.00,-0.13,-1.91,
15.68,0.00,0.01,-4.71,0.00,-0.13,-1.91,
15.69,0.00,0.01,-4.71,0.00,-0.13,-1.91,
15.70,0.00,0.01,-4.71,0.00,-0.13,-1.91,
15.71,0.00,0.00,-4.70,0.00,-0.13,-1.91,
15.72,0.00,0.00,-4.70,0.00,-0.13,-1.91,
15.73,0.00,0.00,-4.70,0.00,-0.13,-1.91,
15.74,0.00,0.00,-4.70,0.00,-0.13,-1.91,
15.75,0.00,0.00,-4.70,0.00,-0.13,-1.91,
15.76,0.00,0.01,-4.70,0.00,-0.13,-1.91,
15.77,0.00,0.01,-4.70,0.00,-0.13,-1.91,
15.78,0.00,0.01,-4.70,0.00,-0.13,-1.91,
15.79,0.00,0.01,-4.71,0.00,-0.13,-1.91,
15.80,0.00,0.01,-4.71,0.00,-0.13,-1.91,
15.81,0.00,0.01,-4.71,0.00,-0.13,-1.90,
15.82,0.00,0.01,-4.71,0.00,-0.13,-1.90,
15.83,0.00,0.01,-4.71,0.00,-0.13,-1.90,
15.84,0.00,0.01,-4.71,0.00,-0.13,-1.90,
15.85,0.00,0.01,-4.71,0.00,-0.13,-1.90,
15.86,0.00,0.01,-4.71,0.00,-0.13,-1.90,
15.87,0.00,0.01,-4.71,0.00,-0.13,-1.90,
15.88,0.00,0.01,-4.71,0.00,-0.13,-1.90,
15.89,0.00,0.01,-4.71,0.00,-0.13,-1.90,
15.90,0.00,0.01,-4.71,0.00,-0.13,-1.90,
15.91,0.00,0.01,-4.71,0.00,-0.13,-1.90,
15.92,0.00,0.01,-4.71,0.00,-0.13,-1.90,
15.93,0.00,0.01,-4.71,0.00,-0.13,-1.90,
15.94,0.00,0.01,-4.71,0.00,-0.13,-1.90,
15.95,0.00,0.01,-4.71,0.00,-0.13,-1.90,
15.96,0.00,0.01,-4.71,0.00,-0.13,-1.90,
15.97,0.00,0.01,-4.71,0.00,-0.13,-1.90,
15.98,0.00,0.01,-4.71,0.00,-0.13,-1.90,
15.99,0.00,0.01,-4.71,0.00,-0.13,-1.90,
16.00,0.00,0.01,-4.71,0.00,-0.13,-1.90,
16.01,0.00,0.01,-4.71,0.00,-0.13,-1.90,
16.02,0.00,0.01,-4.70,0.00,-0.13,-1.90,
16.03,0.00,0.01,-4.70,0.00,-0.13,-1.90,
16.04,0.00,0.01,-4.70,0.00,-0.13,-1.90,
16.05,0.00,0.01,-4.70,0.00,-0.13,-1.90,
16.06,0.00,0.01,-4.70,0.00,-0.13,-1.90,
16.07,0.00,0.01,-4.70,0.00,-0.13,-1.89,
16.08,0.00,0.01,-4.71,0.00,-0.13,-1.89,
16.09,0.00,0.01,-4.71,0.00,-0.13,-1.89,
16.10,0.00,0.01,-4.71,0.00,-0.13,-1.89,
16.11,0.00,0.01,-4.71,0.00,-0.13,-1.89,
16.12,0.00,0.01,-4.71,0.00,-0.13,-1.89,
16.13,0.00,0.01,-4.71,0.00,-0.13,-1.89,
16.14,0.00,0.01,-4.71,0.00,-0.13,-1.89,
16.15,0.00,0.01,-4.71,0.00,-0.13,-1.89,
16.16,0.00,0.01,-4.71,0.00,-0.13,-1.89,
16.17,0.00,0.01,-4.71,0.00,-0.13,-1.89,
16.18,0.00,0.01,-4.71,0.00,-0.13,-1.89,
16.19,0.00,0.01,-4.71,0.00,-0.13,-1.89,
16.20,0.00,0.01,-4.71,0.00,-0.12,-1.89,
16.21,0.00,0.01,-4.71,0.00,-0.12,-1.89,
16.22,0.00,0.01,-4.71,0.00,-0.12,-1.89,
16.24,0.00,0.01,-4.71,0.00,-0.12,-1.89,
16.25,0.00,0.01,-4.71,0.00,-0.13,-1.89,
16.25,0.00,0.01,-4.71,0.00,-0.13,-1.89,
16.26,0.00,0.01,-4.71,0.00,-0.13,-1.89,
16.27,0.00,0.01,-4.71,0.00,-0.13,-1.89,
16.28,0.00,0.01,-4.71,0.00,-0.13,-1.89,
16.30,0.00,0.01,-4.71,0.00,-0.13,-1.89,
16.31,0.00,0.01,-4.71,0.00,-0.13,-1.89,
16.32,0.00,0.01,-4.71,0.00,-0.13,-1.89,
16.33,0.00,0.01,-4.72,0.00,-0.13,-1.89,
16.33,0.00,0.01,-4.72,0.00,-0.13,-1.89,
16.34,0.00,0.01,-4.72,0.00,-0.13,-1.90,
16.35,0.00,0.01,-4.72,0.00,-0.13,-1.90,
16.36,0.00,0.01,-4.72,0.00,-0.13,-1.90,
16.38,0.00,0.01,-4.72,0.00,-0.13,-1.90,
16.39,0.00,0.01,-4.72,0.00,-0.13,-1.90,
16.40,0.00,0.01,-4.72,0.00,-0.13,-1.90,
16.41,0.00,0.01,-4.72,0.00,-0.13,-1.90,
16.42,0.00,0.01,-4.72,0.00,-0.13,-1.90,
16.42,0.00,0.01,-4.72,0.00,-0.13,-1.90,
16.43,0.00,0.01,-4.72,0.00,-0.13,-1.90,
16.44,0.00,0.01,-4.72,0.00,-0.13,-1.90,
16.45,0.00,0.01,-4.72,0.00,-0.13,-1.90,
16.47,0.00,0.01,-4.72,0.00,-0.13,-1.90,
16.48,0.00,0.01,-4.72,0.00,-0.13,-1.90,
16.49,0.00,0.01,-4.72,0.00,-0.13,-1.90,
16.50,0.00,0.01,-4.72,0.00,-0.13,-1.90,
16.50,0.00,0.01,-4.72,0.00,-0.12,-1.90,
16.51,0.00,0.01,-4.72,0.00,-0.12,-1.90,
16.52,0.00,0.01,-4.72,0.00,-0.12,-1.90,
16.53,0.00,0.01,-4.72,0.00,-0.12,-1.90,
16.55,0.00,0.01,-4.72,0.00,-0.12,-1.90,
16.56,0.00,0.01,-4.72,0.00,-0.12,-1.90,
16.57,0.00,0.00,-4.72,0.00,-0.12,-1.90,
16.58,0.00,0.00,-4.72,0.00,-0.12,-1.90,
16.58,0.00,0.00,-4.72,0.00,-0.12,-1.90,
16.59,0.00,0.00,-4.72,0.00,-0.12,-1.90,
16.60,0.00,0.00,-4.72,0.00,-0.13,-1.90,
16.61,0.00,0.00,-4.72,0.00,-0.13,-1.90,
16.62,0.00,0.00,-4.72,0.00,-0.13,-1.90,
16.64,0.00,0.00,-4.72,0.00,-0.13,-1.90,
16.65,0.00,0.00,-4.72,0.00,-0.13,-1.90,
16.66,0.00,0.00,-4.73,0.00,-0.13,-1.90,
16.67,0.00,0.00,-4.73,0.00,-0.13,-1.90,
16.67,0.00,0.00,-4.73,0.00,-0.13,-1.90,
16.68,0.00,0.00,-4.73,0.00,-0.13,-1.90,
16.70,0.00,0.00,-4.73,0.00,-0.13,-1.90,
16.71,0.00,0.00,-4.73,0.00,-0.13,-1.90,
16.72,0.00,0.00,-4.73,0.00,-0.13,-1.90,
16.73,0.00,0.00,-4.73,0.00,-0.13,-1.90,
16.74,0.00,0.00,-4.73,0.00,-0.13,-1.90,
16.75,0.00,0.00,-4.73,0.00,-0.13,-1.90,
16.76,0.00,0.00,-4.73,0.00,-0.13,-1.90,
16.77,0.00,0.00,-4.73,0.00,-0.13,-1.90,
16.78,0.00,0.00,-4.73,0.00,-0.13,-1.90,
16.79,0.00,0.00,-4.73,0.00,-0.13,-1.90,
16.80,0.00,0.00,-4.73,0.00,-0.13,-1.90,
16.81,0.00,0.00,-4.73,0.00,-0.13,-1.90,
16.82,0.00,0.00,-4.73,0.00,-0.13,-1.90,
16.83,0.00,0.00,-4.73,0.00,-0.13,-1.90,
16.84,0.00,0.00,-4.73,0.00,-0.13,-1.90,
16.85,0.00,0.00,-4.73,0.00,-0.13,-1.90,
16.86,0.00,0.00,-4.73,0.00,-0.13,-1.90,
16.87,0.00,0.00,-4.73,0.00,-0.13,-1.90,
16.88,0.00,0.00,-4.73,0.00,-0.13,-1.90,
16.89,0.00,0.00,-4.73,0.00,-0.13,-1.90,
16.90,0.00,0.00,-4.73,0.00,-0.13,-1.90,
16.91,0.00,0.00,-4.73,0.00,-0.13,-1.90,
16.92,0.00,0.00,-4.73,0.00,-0.13,-1.90,
16.93,0.00,0.00,-4.73,0.00,-0.13,-1.90,
16.94,0.00,0.00,-4.73,0.00,-0.13,-1.90,
16.95,0.00,0.00,-4.73,0.00,-0.13,-1.90,
16.96,0.00,0.00,-4.73,0.00,-0.13,-1.90,
16.97,0.00,0.00,-4.73,0.00,-0.13,-1.90,
16.98,0.00,0.00,-4.73,0.00,-0.13,-1.90,
16.99,0.00,0.00,-4.73,0.00,-0.13,-1.90,
17.00,0.00,0.00,-4.73,0.00,-0.13,-1.90,
17.01,0.00,0.00,-4.73,0.00,-0.13,-1.90,
17.02,0.00,0.00,-4.73,0.00,-0.13,-1.90,
17.03,0.00,0.00,-4.73,0.00,-0.13,-1.90,
17.04,0.00,0.00,-4.73,0.00,-0.13,-1.90,
17.05,0.00,0.00,-4.73,0.00,-0.13,-1.90,
17.06,0.00,0.00,-4.73,0.00,-0.13,-1.90,
17.07,0.00,0.00,-4.73,0.00,-0.13,-1.90,
17.08,0.00,0.00,-4.73,0.00,-0.13,-1.90,
17.09,0.00,0.00,-4.73,0.00,-0.13,-1.90,
17.10,0.00,0.00,-4.73,0.00,-0.13,-1.90,
17.11,0.00,0.00,-4.73,0.00,-0.13,-1.90,
17.12,0.00,0.00,-4.73,0.00,-0.13,-1.90,
17.13,0.00,0.00,-4.73,0.00,-0.13,-1.90,
17.14,0.00,0.00,-4.73,0.00,-0.13,-1.90,
17.15,0.00,0.00,-4.73,0.00,-0.13,-1.90,
17.16,0.00,0.00,-4.73,0.00,-0.13,-1.90,
17.17,0.00,0.00,-4.73,0.00,-0.13,-1.90,
17.18,0.00,0.00,-4.73,0.00,-0.13,-1.90,
17.19,0.00,0.00,-4.73,0.00,-0.13,-1.90,
17.20,0.00,0.00,-4.72,0.00,-0.13,-1.90,
17.21,0.00,0.00,-4.72,0.00,-0.13,-1.90,
17.22,0.00,0.00,-4.72,0.00,-0.13,-1.90,
17.23,0.00,0.00,-4.72,0.00,-0.13,-1.91,
17.24,0.00,0.00,-4.72,0.00,-0.13,-1.91,
17.25,0.00,0.00,-4.72,0.00,-0.13,-1.91,
17.26,0.00,0.00,-4.72,0.00,-0.13,-1.91,
17.27,0.00,0.00,-4.72,0.00,-0.13,-1.91,
17.28,0.00,0.00,-4.72,0.00,-0.13,-1.91,
17.29,0.00,0.00,-4.72,0.00,-0.13,-1.91,
17.30,0.00,0.01,-4.72,0.00,-0.13,-1.91,
17.31,0.00,0.01,-4.72,0.00,-0.13,-1.91,
17.32,0.00,0.01,-4.72,0.00,-0.13,-1.91,
17.33,0.00,0.01,-4.72,0.00,-0.13,-1.91,
17.34,0.00,0.01,-4.72,0.00,-0.13,-1.91,
17.35,0.00,0.01,-4.72,0.00,-0.13,-1.91,
17.36,0.00,0.01,-4.72,0.00,-0.13,-1.91,
17.37,0.00,0.01,-4.72,0.00,-0.13,-1.91,
17.38,0.00,0.01,-4.72,0.00,-0.13,-1.91,
17.39,0.00,0.01,-4.72,0.00,-0.13,-1.91,
17.40,0.00,0.01,-4.72,0.00,-0.13,-1.91,
17.41,0.00,0.01,-4.72,0.00,-0.13,-1.91,
17.42,0.00,0.01,-4.72,0.00,-0.13,-1.91,
17.43,0.00,0.01,-4.72,0.00,-0.13,-1.91,
17.44,0.00,0.01,-4.72,0.00,-0.13,-1.91,
17.45,0.00,0.01,-4.72,0.00,-0.13,-1.91,
17.46,0.00,0.01,-4.72,0.00,-0.13,-1.91,
17.47,0.00,0.01,-4.72,0.00,-0.13,-1.91,
17.48,0.00,0.01,-4.72,0.00,-0.13,-1.90,
17.49,0.00,0.01,-4.72,0.00,-0.13,-1.90,
17.50,0.00,0.01,-4.72,0.00,-0.13,-1.90,
17.51,0.00,0.01,-4.72,0.00,-0.13,-1.90,
17.52,0.00,0.01,-4.71,0.00,-0.13,-1.90,
17.53,0.00,0.01,-4.71,0.00,-0.13,-1.90,
17.54,0.00,0.01,-4.71,0.00,-0.13,-1.90,
17.55,0.00,0.01,-4.71,0.00,-0.13,-1.90,
17.56,0.00,0.01,-4.71,0.00,-0.13,-1.90,
17.57,0.00,0.01,-4.71,0.00,-0.13,-1.90,
17.58,0.00,0.01,-4.71,0.00,-0.13,-1.90,
17.59,0.00,0.01,-4.71,0.00,-0.13,-1.90,
17.60,0.00,0.01,-4.71,0.00,-0.13,-1.90,
17.61,0.00,0.01,-4.71,0.00,-0.13,-1.90,
17.62,0.00,0.01,-4.71,0.00,-0.13,-1.90,
17.63,0.00,0.01,-4.71,0.00,-0.13,-1.90,
17.64,0.00,0.01,-4.71,0.00,-0.13,-1.90,
17.65,0.00,0.01,-4.71,0.00,-0.13,-1.90,
17.66,0.00,0.01,-4.71,0.00,-0.13,-1.90,
17.67,0.00,0.01,-4.71,0.00,-0.13,-1.90,
17.68,0.00,0.01,-4.71,0.00,-0.13,-1.90,
17.69,0.00,0.01,-4.71,0.00,-0.12,-1.90,
17.70,0.00,0.01,-4.71,0.00,-0.12,-1.90,
17.71,0.00,0.01,-4.71,0.00,-0.12,-1.90,
17.72,0.00,0.01,-4.71,0.00,-0.12,-1.90,
17.73,0.00,0.01,-4.71,0.00,-0.12,-1.90,
17.74,0.00,0.01,-4.71,0.00,-0.12,-1.90,
17.75,0.00,0.01,-4.71,0.00,-0.12,-1.90,
17.76,0.00,0.01,-4.71,0.00,-0.12,-1.90,
17.77,0.00,0.00,-4.71,0.00,-0.12,-1.90,
17.78,0.00,0.00,-4.71,0.00,-0.12,-1.90,
17.79,0.00,0.00,-4.71,0.00,-0.12,-1.90,
17.80,0.00,0.00,-4.71,0.00,-0.12,-1.90,
17.81,0.00,0.00,-4.71,0.00,-0.12,-1.90,
17.82,0.00,0.00,-4.71,0.00,-0.12,-1.90,
17.83,0.00,0.00,-4.71,0.00,-0.12,-1.90,
17.84,0.00,0.00,-4.71,0.00,-0.12,-1.90,
17.85,0.00,0.01,-4.71,0.00,-0.12,-1.90,
17.86,0.00,0.01,-4.71,0.00,-0.12,-1.90,
17.87,0.00,0.01,-4.71,0.00,-0.12,-1.90,
17.88,0.00,0.01,-4.71,0.00,-0.12,-1.90,
17.89,0.00,0.01,-4.71,0.00,-0.12,-1.90,
17.90,0.00,0.01,-4.71,0.00,-0.12,-1.90,
17.91,0.00,0.01,-4.71,0.00,-0.12,-1.90,
17.92,0.00,0.01,-4.71,0.00,-0.12,-1.90,
17.93,0.00,0.01,-4.71,0.00,-0.12,-1.90,
17.94,0.00,0.01,-4.71,0.00,-0.12,-1.90,
17.95,0.00,0.01,-4.71,0.00,-0.12,-1.90,
17.96,0.00,0.01,-4.71,0.00,-0.12,-1.90,
17.97,0.00,0.01,-4.71,0.00,-0.12,-1.90,
17.98,0.00,0.01,-4.71,0.00,-0.12,-1.90,
17.99,0.00,0.01,-4.71,0.00,-0.12,-1.90,
18.00,0.00,0.01,-4.71,0.00,-0.12,-1.90,
18.01,0.00,0.01,-4.71,0.00,-0.12,-1.90,
18.02,0.00,0.01,-4.71,0.00,-0.12,-1.90,
18.03,0.00,0.01,-4.71,0.00,-0.12,-1.90,
18.04,0.00,0.01,-4.71,0.00,-0.12,-1.90,
18.05,0.00,0.01,-4.71,0.00,-0.12,-1.90,
18.06,0.00,0.01,-4.71,0.00,-0.12,-1.90,
18.07,0.00,0.01,-4.70,0.00,-0.12,-1.90,
18.08,0.00,0.01,-4.70,0.00,-0.12,-1.90,
18.09,0.00,0.01,-4.70,0.00,-0.11,-1.89,
18.10,0.00,0.01,-4.70,0.00,-0.11,-1.89,
18.11,0.00,0.01,-4.70,0.00,-0.11,-1.89,
18.12,0.00,0.01,-4.70,0.00,-0.11,-1.89,
18.13,0.00,0.01,-4.70,0.00,-0.11,-1.89,
18.14,0.00,0.01,-4.70,0.00,-0.11,-1.89,
18.15,0.00,0.01,-4.70,0.00,-0.11,-1.89,
18.16,0.00,0.01,-4.70,0.00,-0.11,-1.89,
18.17,0.00,0.01,-4.70,0.00,-0.11,-1.89,
18.18,0.00,0.01,-4.70,0.00,-0.11,-1.89,
18.19,0.00,0.01,-4.70,0.00,-0.11,-1.89,
18.20,0.00,0.01,-4.70,0.00,-0.11,-1.89,
18.21,0.00,0.01,-4.70,0.00,-0.11,-1.89,
18.22,0.00,0.01,-4.70,0.00,-0.11,-1.89,
18.23,0.00,0.01,-4.70,0.00,-0.11,-1.89,
18.24,0.00,0.01,-4.70,0.00,-0.11,-1.89,
18.25,0.00,0.01,-4.70,0.00,-0.11,-1.89,
18.26,0.00,0.01,-4.70,0.00,-0.11,-1.89,
18.27,0.00,0.01,-4.70,0.00,-0.11,-1.89,
18.28,0.00,0.01,-4.70,0.00,-0.11,-1.89,
18.29,0.00,0.01,-4.70,0.00,-0.11,-1.89,
18.30,0.00,0.01,-4.70,0.00,-0.11,-1.89,
18.31,0.00,0.01,-4.70,0.00,-0.11,-1.89,
18.32,0.00,0.01,-4.70,0.00,-0.11,-1.89,
18.33,0.00,0.01,-4.70,0.00,-0.11,-1.89,
18.34,0.00,0.01,-4.70,0.00,-0.11,-1.89,
18.35,0.00,0.01,-4.70,0.00,-0.11,-1.89,
18.36,0.00,0.01,-4.70,0.00,-0.11,-1.89,
18.37,0.00,0.01,-4.70,0.00,-0.11,-1.89,
18.38,0.00,0.01,-4.70,0.00,-0.11,-1.89,
18.39,0.00,0.01,-4.70,0.00,-0.11,-1.89,
18.40,0.00,0.01,-4.70,0.00,-0.11,-1.89,
18.41,0.00,0.01,-4.70,0.00,-0.11,-1.89,
18.42,0.00,0.01,-4.70,0.00,-0.11,-1.89,
18.43,0.00,0.01,-4.70,0.00,-0.11,-1.89,
18.44,0.00,0.01,-4.70,0.00,-0.11,-1.89,
18.45,0.00,0.01,-4.70,0.00,-0.11,-1.89,
18.46,0.00,0.01,-4.70,0.00,-0.11,-1.89,
18.47,0.00,0.01,-4.70,0.00,-0.11,-1.89,
18.48,0.00,0.01,-4.70,0.00,-0.11,-1.89,
18.49,0.00,0.01,-4.70,0.00,-0.11,-1.89,
18.50,0.00,0.01,-4.70,0.00,-0.11,-1.89,
18.51,0.00,0.01,-4.70,0.00,-0.11,-1.89,
18.52,0.00,0.01,-4.70,0.00,-0.11,-1.89,
18.53,0.00,0.01,-4.70,0.00,-0.11,-1.89,
18.54,0.00,0.01,-4.70,0.00,-0.11,-1.89,
18.55,0.00,0.01,-4.70,0.00,-0.11,-1.89,
18.56,0.00,0.01,-4.70,0.00,-0.11,-1.89,
18.57,0.00,0.01,-4.70,0.00,-0.11,-1.89,
18.58,0.00,0.01,-4.70,0.00,-0.11,-1.89,
18.59,0.00,0.01,-4.70,0.00,-0.10,-1.89,
18.60,0.00,0.01,-4.70,0.00,-0.10,-1.89,
18.61,0.00,0.01,-4.70,0.00,-0.10,-1.89,
18.62,0.00,0.01,-4.70,0.00,-0.10,-1.89,
18.63,0.00,0.01,-4.70,0.00,-0.10,-1.89,
18.64,0.00,0.01,-4.70,0.00,-0.10,-1.89,
18.65,0.00,0.01,-4.70,0.00,-0.10,-1.89,
18.66,0.00,0.01,-4.70,0.00,-0.10,-1.89,
18.67,0.00,0.01,-4.70,0.00,-0.10,-1.89,
18.68,0.00,0.01,-4.70,0.00,-0.10,-1.89,
18.69,0.00,0.01,-4.70,0.00,-0.10,-1.89,
18.70,0.00,0.01,-4.70,0.00,-0.10,-1.89,
18.71,0.00,0.01,-4.70,0.00,-0.10,-1.89,
18.72,0.00,0.01,-4.70,0.00,-0.10,-1.89,
18.73,0.00,0.01,-4.70,0.00,-0.10,-1.89,
18.74,0.00,0.01,-4.70,0.00,-0.10,-1.89,
18.75,0.00,0.01,-4.70,0.00,-0.10,-1.89,
18.76,0.00,0.01,-4.70,0.00,-0.10,-1.89,
18.77,0.00,0.01,-4.70,0.00,-0.11,-1.89,
18.78,0.00,0.01,-4.70,0.00,-0.11,-1.89,
18.79,0.00,0.01,-4.70,0.00,-0.11,-1.89,
18.80,0.00,0.01,-4.70,0.00,-0.11,-1.89,
18.81,0.00,0.01,-4.70,0.00,-0.11,-1.89,
18.82,0.00,0.01,-4.70,0.00,-0.11,-1.89,
18.83,0.00,0.01,-4.70,0.00,-0.11,-1.89,
18.84,0.00,0.01,-4.70,0.00,-0.11,-1.89,
18.85,0.00,0.01,-4.70,0.00,-0.11,-1.89,
18.86,0.00,0.01,-4.70,0.00,-0.11,-1.89,
18.87,0.00,0.01,-4.70,0.00,-0.11,-1.89,
18.88,0.00,0.01,-4.70,0.00,-0.10,-1.89,
18.89,0.00,0.01,-4.70,0.00,-0.10,-1.89,
18.90,0.00,0.01,-4.70,0.00,-0.10,-1.89,
18.91,0.00,0.01,-4.70,0.00,-0.10,-1.89,
18.92,0.00,0.01,-4.70,0.00,-0.10,-1.89,
18.93,0.00,0.01,-4.70,0.00,-0.10,-1.89,
18.94,0.00,0.01,-4.70,0.00,-0.10,-1.88,
18.95,0.00,0.01,-4.70,0.00,-0.10,-1.88,
18.96,0.00,0.01,-4.70,0.00,-0.10,-1.88,
18.97,0.00,0.01,-4.70,0.00,-0.10,-1.88,
18.98,0.00,0.01,-4.70,0.00,-0.11,-1.88,
18.99,0.00,0.01,-4.70,0.00,-0.11,-1.88,
19.00,0.00,0.01,-4.70,0.00,-0.11,-1.88,
19.01,0.00,0.01,-4.71,0.00,-0.11,-1.88,
19.02,0.00,0.01,-4.71,0.00,-0.11,-1.88,
19.03,0.00,0.01,-4.71,0.00,-0.11,-1.88,
19.04,0.00,0.01,-4.71,0.00,-0.11,-1.88,
19.05,0.00,0.01,-4.71,0.00,-0.11,-1.88,
19.06,0.00,0.01,-4.71,0.00,-0.11,-1.88,
19.07,0.00,0.01,-4.71,0.00,-0.11,-1.88,
19.08,0.00,0.01,-4.71,0.00,-0.11,-1.88,
19.09,0.00,0.01,-4.71,0.00,-0.11,-1.88,
19.10,0.00,0.01,-4.71,0.00,-0.11,-1.88,
19.11,0.00,0.01,-4.71,0.00,-0.11,-1.88,
19.12,0.00,0.01,-4.71,0.00,-0.11,-1.88,
19.13,0.00,0.00,-4.71,0.00,-0.11,-1.88,
19.14,0.00,0.00,-4.71,0.00,-0.11,-1.88,
19.15,0.00,0.00,-4.71,0.00,-0.11,-1.88,
19.16,0.00,0.00,-4.71,0.00,-0.11,-1.88,
19.17,0.00,0.00,-4.71,0.00,-0.11,-1.88,
19.18,0.00,0.01,-4.71,0.00,-0.11,-1.88,
19.19,0.00,0.01,-4.71,0.00,-0.11,-1.88,
19.20,0.00,0.01,-4.71,0.00,-0.11,-1.88,
19.21,0.00,0.01,-4.70,0.00,-0.11,-1.88,
19.22,0.00,0.01,-4.70,0.00,-0.11,-1.88,
19.23,0.00,0.01,-4.70,0.00,-0.11,-1.88,
19.24,0.00,0.01,-4.70,0.00,-0.11,-1.88,
19.25,0.00,0.01,-4.70,0.00,-0.12,-1.88,
19.26,0.00,0.01,-4.70,0.00,-0.12,-1.88,
19.27,0.00,0.01,-4.70,0.00,-0.12,-1.88,
19.28,0.00,0.01,-4.70,0.00,-0.12,-1.88,
19.29,0.00,0.01,-4.70,0.00,-0.12,-1.88,
19.30,0.00,0.01,-4.71,0.00,-0.12,-1.88,
19.31,0.00,0.01,-4.71,0.00,-0.12,-1.88,
19.32,0.00,0.01,-4.70,0.00,-0.12,-1.88,
19.33,0.00,0.01,-4.70,0.00,-0.12,-1.88,
19.34,0.00,0.01,-4.70,0.00,-0.12,-1.88,
19.35,0.00,0.01,-4.71,0.00,-0.12,-1.88,
19.36,0.00,0.01,-4.71,0.00,-0.12,-1.88,
19.37,0.00,0.01,-4.71,0.00,-0.12,-1.88,
19.38,0.00,0.01,-4.71,0.00,-0.12,-1.88,
19.39,0.00,0.01,-4.71,0.00,-0.12,-1.88,
19.40,0.00,0.01,-4.71,0.00,-0.12,-1.88,
19.41,0.00,0.01,-4.71,0.00,-0.12,-1.88,
19.42,0.00,0.01,-4.71,0.00,-0.12,-1.88,
19.43,0.00,0.01,-4.71,0.00,-0.12,-1.88,
19.44,0.00,0.01,-4.70,0.00,-0.12,-1.88,
19.45,0.00,0.01,-4.70,0.00,-0.12,-1.88,
19.46,0.00,0.01,-4.70,0.00,-0.12,-1.88,
19.47,0.00,0.01,-4.70,0.00,-0.12,-1.88,
19.48,0.00,0.01,-4.70,0.00,-0.12,-1.88,
19.49,0.00,0.01,-4.70,0.00,-0.12,-1.88,
19.50,0.00,0.01,-4.70,0.00,-0.12,-1.88,
19.51,0.00,0.01,-4.70,0.00,-0.12,-1.88,
19.52,0.00,0.01,-4.70,0.00,-0.12,-1.88,
19.53,0.00,0.01,-4.70,0.00,-0.12,-1.88,
19.54,0.00,0.01,-4.70,0.00,-0.12,-1.88,
19.55,0.00,0.01,-4.70,0.00,-0.12,-1.88,
19.56,0.00,0.01,-4.70,0.00,-0.12,-1.88,
19.57,0.00,0.01,-4.70,0.00,-0.12,-1.88,
19.58,0.00,0.01,-4.70,0.00,-0.12,-1.88,
19.59,0.00,0.01,-4.70,0.00,-0.12,-1.88,
19.60,0.00,0.01,-4.70,0.00,-0.12,-1.88,
19.61,0.00,0.01,-4.70,0.00,-0.12,-1.88,
19.62,0.00,0.01,-4.70,0.00,-0.12,-1.88,
19.63,0.00,0.01,-4.70,0.00,-0.12,-1.88,
19.64,0.00,0.01,-4.70,0.00,-0.12,-1.88,
19.65,0.00,0.01,-4.70,0.00,-0.12,-1.88,
19.66,0.00,0.01,-4.71,0.00,-0.12,-1.88,
19.67,0.00,0.01,-4.71,0.00,-0.12,-1.88,
19.68,0.00,0.01,-4.71,0.00,-0.12,-1.88,
19.69,0.00,0.01,-4.71,0.00,-0.12,-1.88,
19.70,0.00,0.01,-4.71,0.00,-0.12,-1.88,
19.71,0.00,0.01,-4.71,0.00,-0.12,-1.89,
19.72,0.00,0.01,-4.71,0.00,-0.12,-1.89,
19.73,0.00,0.01,-4.71,0.00,-0.12,-1.89,
19.74,0.00,0.01,-4.71,0.00,-0.12,-1.89,
19.75,0.00,0.01,-4.71,0.00,-0.12,-1.89,
19.76,0.00,0.01,-4.71,0.00,-0.12,-1.89,
19.77,0.00,0.01,-4.71,0.00,-0.12,-1.89,
19.78,0.00,0.01,-4.71,0.00,-0.12,-1.89,
19.79,0.00,0.01,-4.71,0.00,-0.12,-1.89,
19.80,0.00,0.01,-4.71,0.00,-0.12,-1.89,
19.81,0.00,0.01,-4.71,0.00,-0.12,-1.89,
19.82,0.00,0.01,-4.71,0.00,-0.12,-1.89,
19.83,0.00,0.01,-4.71,0.00,-0.12,-1.89,
19.84,0.00,0.01,-4.71,0.00,-0.12,-1.89,
19.85,0.00,0.01,-4.71,0.00,-0.12,-1.89,
19.86,0.00,0.01,-4.71,0.00,-0.12,-1.89,
19.87,0.00,0.01,-4.71,0.00,-0.12,-1.89,
19.88,0.00,0.01,-4.71,0.00,-0.11,-1.89,
19.89,0.00,0.01,-4.72,0.00,-0.11,-1.89,
19.90,0.00,0.01,-4.72,0.00,-0.11,-1.89,
19.91,0.00,0.01,-4.72,0.00,-0.11,-1.89,
19.92,0.00,0.01,-4.72,0.00,-0.11,-1.89,
19.93,0.00,0.01,-4.72,0.00,-0.11,-1.89,
19.94,0.00,0.01,-4.72,0.00,-0.11,-1.89,
19.95,0.00,0.01,-4.72,0.00,-0.11,-1.89,
19.96,0.00,0.01,-4.72,0.00,-0.11,-1.89,
19.97,0.00,0.01,-4.72,0.00,-0.11,-1.89,
19.98,0.00,0.01,-4.72,0.00,-0.11,-1.89,
19.99,0.00,0.01,-4.71,0.00,-0.11,-1.89,
20.00,0.00,0.01,-4.71,0.00,-0.11,-1.89,
20.01,0.00,0.01,-4.71,0.00,-0.11,-1.89,
20.02,0.00,0.01,-4.71,0.00,-0.11,-1.89,
20.03,0.00,0.01,-4.71,0.00,-0.11,-1.89,
20.04,0.00,0.01,-4.71,0.00,-0.11,-1.89,
20.05,0.00,0.01,-4.71,0.00,-0.11,-1.89,
20.06,0.00,0.01,-4.71,0.00,-0.11,-1.89,
20.07,0.00,0.01,-4.71,0.00,-0.12,-1.89,
20.08,0.00,0.01,-4.71,0.00,-0.12,-1.89,
20.09,0.00,0.01,-4.71,0.00,-0.12,-1.89,
20.10,0.00,0.01,-4.71,0.00,-0.12,-1.89,
20.11,0.00,0.01,-4.71,0.00,-0.12,-1.89,
20.12,0.00,0.01,-4.71,0.00,-0.12,-1.89,
20.13,0.00,0.01,-4.71,0.00,-0.12,-1.89,
20.14,0.00,0.01,-4.71,0.00,-0.12,-1.89,
20.15,0.00,0.01,-4.71,0.00,-0.12,-1.89,
20.16,0.00,0.01,-4.71,0.00,-0.12,-1.89,
20.17,0.00,0.01,-4.71,0.00,-0.12,-1.89,
20.18,0.00,0.01,-4.71,0.00,-0.12,-1.89,
20.19,0.00,0.01,-4.71,0.00,-0.12,-1.89,
20.20,0.00,0.01,-4.71,0.00,-0.12,-1.89,
20.21,0.00,0.01,-4.71,0.00,-0.11,-1.89,
20.22,0.00,0.01,-4.71,0.00,-0.11,-1.89,
20.23,0.00,0.01,-4.71,0.00,-0.11,-1.89,
20.24,0.00,0.01,-4.71,0.00,-0.11,-1.89,
20.25,0.00,0.01,-4.71,0.00,-0.11,-1.89,
20.26,0.00,0.01,-4.71,0.00,-0.11,-1.89,
20.27,0.00,0.01,-4.71,0.00,-0.11,-1.89,
20.28,0.00,0.01,-4.71,0.00,-0.11,-1.89,
20.29,0.00,0.01,-4.71,0.00,-0.11,-1.89,
20.30,0.00,0.01,-4.71,0.00,-0.11,-1.89,
20.31,0.00,0.01,-4.71,0.00,-0.11,-1.89,
20.32,0.00,0.01,-4.71,0.00,-0.11,-1.89,
20.33,0.00,0.01,-4.72,0.00,-0.11,-1.89,
20.34,0.00,0.01,-4.72,0.00,-0.11,-1.89,
20.35,0.00,0.01,-4.72,0.00,-0.11,-1.88,
20.36,0.00,0.01,-4.72,0.00,-0.11,-1.88,
20.37,0.00,0.01,-4.72,0.00,-0.11,-1.88,
20.38,0.00,0.01,-4.72,0.00,-0.11,-1.88,
20.39,0.00,0.01,-4.72,0.00,-0.11,-1.88,
20.40,0.00,0.01,-4.72,0.00,-0.11,-1.88,
20.41,0.00,0.01,-4.72,0.00,-0.11,-1.88,
20.42,0.00,0.01,-4.72,0.00,-0.11,-1.88,
20.43,0.00,0.01,-4.72,0.00,-0.11,-1.88,
20.44,0.00,0.01,-4.72,0.00,-0.11,-1.88,
20.45,0.00,0.01,-4.72,0.00,-0.11,-1.88,
20.46,0.00,0.01,-4.72,0.00,-0.11,-1.88,
20.47,0.00,0.01,-4.72,0.00,-0.11,-1.88,
20.48,0.00,0.01,-4.72,0.00,-0.12,-1.88,
20.49,0.00,0.01,-4.72,0.00,-0.12,-1.88,
20.50,0.00,0.01,-4.72,0.00,-0.12,-1.88,
20.51,0.00,0.01,-4.72,0.00,-0.12,-1.88,
20.52,0.00,0.01,-4.72,0.00,-0.12,-1.88,
20.53,0.00,0.01,-4.72,0.00,-0.12,-1.88,
20.54,0.00,0.01,-4.72,0.00,-0.12,-1.88,
20.55,0.00,0.01,-4.72,0.00,-0.12,-1.88,
20.56,0.00,0.01,-4.72,0.00,-0.12,-1.88,
20.57,0.00,0.01,-4.72,0.00,-0.12,-1.88,
20.58,0.00,0.01,-4.72,0.00,-0.12,-1.88,
20.59,0.00,0.01,-4.72,0.00,-0.12,-1.88,
20.60,0.00,0.01,-4.72,0.00,-0.12,-1.88,
20.61,0.00,0.01,-4.72,0.00,-0.12,-1.88,
20.62,0.00,0.01,-4.72,0.00,-0.12,-1.88,
20.64,0.00,0.00,-4.72,0.00,-0.12,-1.88,
20.65,0.00,0.00,-4.72,0.00,-0.12,-1.88,
20.66,0.00,0.00,-4.72,0.00,-0.12,-1.88,
20.67,0.00,0.00,-4.73,0.00,-0.12,-1.88,
20.67,0.00,0.00,-4.73,0.00,-0.12,-1.88,
20.68,0.00,0.00,-4.73,0.00,-0.12,-1.88,
20.69,0.00,0.00,-4.73,0.00,-0.12,-1.88,
20.70,0.00,0.00,-4.73,0.00,-0.12,-1.88,
20.72,0.00,0.00,-4.73,0.00,-0.12,-1.88,
20.73,0.00,0.00,-4.73,0.00,-0.12,-1.88,
20.74,0.00,0.00,-4.73,0.00,-0.12,-1.88,
20.75,0.00,0.00,-4.73,0.00,-0.12,-1.88,
20.75,0.00,0.00,-4.73,0.00,-0.12,-1.88,
20.76,0.00,0.00,-4.73,0.00,-0.12,-1.88,
20.77,0.00,0.01,-4.73,0.00,-0.12,-1.88,
20.78,0.00,0.01,-4.73,0.00,-0.12,-1.88,
20.80,0.00,0.00,-4.72,0.00,-0.12,-1.88,
20.81,0.00,0.00,-4.72,0.00,-0.12,-1.88,
20.82,0.00,0.00,-4.72,0.00,-0.12,-1.88,
20.83,0.00,0.00,-4.72,0.00,-0.12,-1.88,
20.83,0.00,0.00,-4.72,0.00,-0.12,-1.88,
20.84,0.00,0.00,-4.72,0.00,-0.12,-1.88,
20.85,0.00,0.00,-4.72,0.00,-0.12,-1.88,
20.86,0.00,0.00,-4.72,0.00,-0.12,-1.88,
20.88,0.00,0.00,-4.72,0.00,-0.12,-1.88,
20.89,0.00,0.00,-4.72,0.00,-0.12,-1.88,
20.90,0.01,0.00,-4.72,0.00,-0.12,-1.88,
20.91,0.01,0.00,-4.72,0.00,-0.12,-1.88,
20.92,0.00,0.00,-4.72,0.00,-0.11,-1.88,
20.92,0.00,0.00,-4.72,0.00,-0.12,-1.88,
20.93,0.00,0.00,-4.72,0.00,-0.12,-1.88,
20.94,0.00,0.00,-4.72,0.00,-0.12,-1.88,
20.95,0.00,0.01,-4.72,0.00,-0.12,-1.88,
20.97,0.00,0.01,-4.72,0.00,-0.12,-1.88,
20.98,0.00,0.01,-4.72,0.00,-0.12,-1.88,
20.99,0.00,0.01,-4.72,0.00,-0.12,-1.88,
21.00,0.00,0.01,-4.72,0.00,-0.12,-1.88,
21.00,0.00,0.01,-4.72,0.00,-0.12,-1.88,
21.01,0.00,0.01,-4.72,0.00,-0.12,-1.88,
21.02,0.00,0.01,-4.72,0.00,-0.12,-1.88,
21.03,0.00,0.01,-4.71,0.00,-0.12,-1.88,
21.05,0.00,0.00,-4.71,0.00,-0.12,-1.88,
21.06,0.00,0.00,-4.71,0.00,-0.12,-1.88,
21.07,0.00,0.00,-4.71,0.00,-0.12,-1.88,
21.08,0.00,0.00,-4.71,0.00,-0.12,-1.88,
21.09,0.00,0.00,-4.71,0.00,-0.12,-1.88,
21.10,0.00,0.00,-4.71,0.00,-0.12,-1.88,
21.11,0.01,0.00,-4.71,0.00,-0.12,-1.88,
21.12,0.01,0.00,-4.71,0.00,-0.12,-1.88,
21.13,0.01,0.00,-4.72,0.00,-0.12,-1.88,
21.14,0.01,0.00,-4.72,0.00,-0.12,-1.88,
21.15,0.01,0.00,-4.72,0.00,-0.12,-1.88,
21.16,0.01,0.00,-4.72,0.00,-0.12,-1.88,
21.17,0.01,0.01,-4.72,0.00,-0.12,-1.88,
21.18,0.01,0.01,-4.72,0.00,-0.12,-1.88,
21.19,0.01,0.01,-4.72,0.00,-0.12,-1.88,
21.20,0.01,0.01,-4.72,0.00,-0.12,-1.88,
21.21,0.01,0.01,-4.72,0.00,-0.12,-1.89,
21.22,0.01,0.01,-4.72,0.00,-0.12,-1.89,
21.23,0.01,0.01,-4.72,0.00,-0.12,-1.89,
21.24,0.01,0.01,-4.72,0.00,-0.12,-1.89,
21.25,0.01,0.01,-4.72,0.00,-0.12,-1.89,
21.26,0.01,0.01,-4.72,0.00,-0.12,-1.89,
21.27,0.01,0.01,-4.72,0.00,-0.12,-1.89,
21.28,0.01,0.01,-4.72,0.00,-0.12,-1.89,
21.29,0.01,0.02,-4.72,0.00,-0.12,-1.89,
21.30,0.00,0.02,-4.72,0.00,-0.12,-1.89,
21.31,0.00,0.02,-4.72,0.00,-0.12,-1.89,
21.32,0.00,0.02,-4.72,0.00,-0.12,-1.89,
21.33,0.00,0.02,-4.72,0.00,-0.12,-1.89,
21.34,0.00,0.02,-4.72,0.00,-0.12,-1.89,
21.35,0.00,0.02,-4.72,0.00,-0.12,-1.89,
21.36,0.00,0.02,-4.72,0.00,-0.12,-1.89,
21.37,0.00,0.02,-4.72,0.00,-0.12,-1.89,
21.38,0.00,0.02,-4.72,0.00,-0.12,-1.89,
21.39,0.00,0.02,-4.72,0.00,-0.12,-1.89,
21.40,0.00,0.02,-4.72,0.00,-0.12,-1.89,
21.41,0.00,0.02,-4.72,0.00,-0.12,-1.89,
21.42,0.00,0.02,-4.72,0.00,-0.12,-1.89,
21.43,0.00,0.01,-4.73,0.00,-0.12,-1.89,
21.44,0.00,0.01,-4.73,0.00,-0.12,-1.89,
21.45,0.00,0.01,-4.73,0.00,-0.12,-1.89,
21.46,0.00,0.01,-4.73,0.00,-0.12,-1.89,
21.47,0.00,0.01,-4.73,0.00,-0.12,-1.89,
21.48,0.00,0.01,-4.73,0.00,-0.12,-1.89,
21.49,0.00,0.01,-4.73,0.00,-0.12,-1.89,
21.50,0.00,0.01,-4.73,0.00,-0.12,-1.89,
21.51,0.00,0.01,-4.73,0.00,-0.12,-1.89,
21.52,0.00,0.01,-4.73,0.00,-0.12,-1.89,
21.53,0.00,0.01,-4.73,0.00,-0.12,-1.90,
21.54,0.00,0.01,-4.73,0.00,-0.12,-1.90,
21.55,0.00,0.01,-4.73,0.00,-0.12,-1.90,
21.56,0.00,0.01,-4.73,0.00,-0.12,-1.90,
21.57,0.00,0.01,-4.73,0.00,-0.12,-1.90,
21.58,0.00,0.01,-4.73,0.00,-0.12,-1.90,
21.59,0.00,0.01,-4.73,0.00,-0.12,-1.90,
21.60,0.00,0.01,-4.73,0.00,-0.12,-1.90,
21.61,0.00,0.01,-4.73,0.00,-0.12,-1.90,
21.62,0.00,0.01,-4.73,0.00,-0.12,-1.90,
21.63,0.00,0.01,-4.73,0.00,-0.13,-1.90,
21.64,0.00,0.01,-4.73,0.00,-0.13,-1.89,
21.65,0.00,0.01,-4.73,0.00,-0.13,-1.89,
21.66,0.00,0.01,-4.73,0.00,-0.13,-1.89,
21.67,0.01,0.01,-4.73,0.00,-0.13,-1.89,
21.68,0.01,0.01,-4.73,0.00,-0.13,-1.89,
21.69,0.01,0.01,-4.73,0.00,-0.13,-1.89,
21.70,0.01,0.01,-4.73,0.00,-0.13,-1.89,
21.71,0.01,0.01,-4.73,0.00,-0.13,-1.89,
21.72,0.01,0.01,-4.73,0.00,-0.13,-1.89,
21.73,0.01,0.01,-4.73,0.00,-0.13,-1.89,
21.74,0.01,0.00,-4.73,0.00,-0.13,-1.89,
21.75,0.01,0.00,-4.73,0.00,-0.13,-1.89,
21.76,0.01,0.00,-4.73,0.00,-0.13,-1.89,
21.77,0.01,0.01,-4.73,0.00,-0.13,-1.89,
21.78,0.01,0.01,-4.73,0.00,-0.13,-1.89,
21.79,0.01,0.01,-4.73,0.00,-0.13,-1.89,
21.80,0.01,0.01,-4.73,0.00,-0.13,-1.89,
21.81,0.01,0.01,-4.73,0.00,-0.13,-1.89,
21.82,0.01,0.01,-4.73,0.00,-0.13,-1.89,
21.83,0.00,0.00,-4.73,0.00,-0.13,-1.89,
21.84,0.00,0.00,-4.73,0.00,-0.13,-1.89,
21.85,0.00,0.00,-4.73,0.00,-0.13,-1.89,
21.86,0.00,0.01,-4.73,0.00,-0.13,-1.89,
21.87,0.00,0.01,-4.73,0.00,-0.13,-1.89,
21.88,0.00,0.01,-4.73,0.00,-0.13,-1.89,
21.89,0.00,0.01,-4.73,0.00,-0.13,-1.89,
21.90,0.00,0.01,-4.73,0.00,-0.13,-1.89,
21.91,0.00,0.01,-4.73,0.00,-0.13,-1.89,
21.92,0.00,0.01,-4.73,0.00,-0.13,-1.89,
21.93,0.00,0.01,-4.73,0.00,-0.13,-1.89,
21.94,0.00,0.01,-4.73,0.00,-0.13,-1.89,
21.95,0.00,0.01,-4.73,0.00,-0.13,-1.89,
21.96,0.00,0.01,-4.73,0.00,-0.12,-1.89,
21.97,0.00,0.01,-4.73,0.00,-0.12,-1.89,
21.98,0.00,0.01,-4.73,0.00,-0.12,-1.89,
21.99,0.00,0.01,-4.73,0.00,-0.12,-1.89,
22.00,0.00,0.01,-4.73,0.00,-0.12,-1.89,
22.01,0.00,0.01,-4.73,0.00,-0.12,-1.89,
22.02,0.00,0.01,-4.73,0.00,-0.12,-1.89,
22.03,0.00,0.01,-4.73,0.00,-0.12,-1.89,
22.04,0.00,0.01,-4.73,0.00,-0.12,-1.89,
22.05,0.00,0.01,-4.74,0.00,-0.12,-1.89,
22.06,0.00,0.01,-4.74,0.00,-0.12,-1.89,
22.07,0.00,0.01,-4.74,0.00,-0.12,-1.89,
22.08,0.00,0.02,-4.74,0.00,-0.12,-1.89,
22.09,0.00,0.02,-4.74,0.00,-0.12,-1.89,
22.10,0.00,0.02,-4.74,0.00,-0.12,-1.89,
22.11,0.00,0.02,-4.74,0.00,-0.12,-1.89,
22.12,0.00,0.02,-4.74,0.00,-0.12,-1.89,
22.13,0.00,0.02,-4.74,0.00,-0.12,-1.89,
22.14,0.00,0.02,-4.74,0.00,-0.12,-1.89,
22.15,0.00,0.02,-4.74,0.00,-0.12,-1.88,
22.16,0.00,0.02,-4.74,0.00,-0.12,-1.88,
22.17,0.00,0.02,-4.74,0.00,-0.12,-1.88,
22.18,0.00,0.02,-4.74,0.00,-0.12,-1.88,
22.19,0.00,0.02,-4.74,0.00,-0.12,-1.88,
22.20,0.00,0.02,-4.74,0.00,-0.12,-1.88,
22.21,0.00,0.02,-4.74,0.00,-0.12,-1.88,
22.22,0.00,0.02,-4.74,0.00,-0.12,-1.88,
22.23,0.00,0.02,-4.74,0.00,-0.12,-1.88,
22.24,0.00,0.02,-4.74,0.00,-0.12,-1.88,
22.25,0.00,0.02,-4.74,0.00,-0.12,-1.88,
22.26,0.00,0.02,-4.74,0.00,-0.12,-1.88,
22.27,0.00,0.02,-4.74,0.00,-0.12,-1.88,
22.28,0.00,0.02,-4.74,0.00,-0.12,-1.88,
22.29,0.00,0.02,-4.74,0.00,-0.12,-1.88,
22.30,0.00,0.02,-4.74,0.00,-0.12,-1.88,
22.31,0.00,0.02,-4.73,0.00,-0.12,-1.88,
22.32,0.00,0.02,-4.73,0.00,-0.12,-1.88,
22.33,0.00,0.02,-4.73,0.00,-0.12,-1.88,
22.34,0.00,0.02,-4.73,0.00,-0.12,-1.88,
22.35,0.00,0.02,-4.73,0.00,-0.12,-1.88,
22.36,0.00,0.02,-4.73,0.00,-0.12,-1.88,
22.37,0.00,0.02,-4.73,0.00,-0.12,-1.88,
22.38,0.00,0.03,-4.73,0.00,-0.12,-1.88,
22.39,0.00,0.03,-4.73,0.00,-0.12,-1.89,
22.40,0.00,0.03,-4.73,0.00,-0.12,-1.89,
22.41,0.00,0.03,-4.73,0.00,-0.13,-1.89,
22.42,0.00,0.03,-4.73,0.00,-0.13,-1.89,
22.43,0.00,0.03,-4.73,0.00,-0.13,-1.89,
22.44,0.00,0.03,-4.73,0.00,-0.13,-1.89,
22.45,0.00,0.03,-4.73,0.00,-0.13,-1.89,
22.46,0.00,0.03,-4.73,0.00,-0.13,-1.89,
22.47,0.00,0.03,-4.73,0.00,-0.13,-1.89,
22.48,0.00,0.03,-4.73,0.00,-0.13,-1.89,
22.49,0.00,0.03,-4.73,0.00,-0.13,-1.89,
22.50,0.00,0.03,-4.73,0.00,-0.13,-1.89,
22.51,0.00,0.03,-4.73,0.00,-0.13,-1.89,
22.52,0.00,0.03,-4.73,0.00,-0.13,-1.89,
22.53,0.00,0.03,-4.73,0.00,-0.13,-1.89,
22.54,0.00,0.03,-4.73,0.00,-0.13,-1.89,
22.55,0.00,0.03,-4.73,0.00,-0.13,-1.89,
22.56,0.00,0.03,-4.73,0.00,-0.13,-1.89,
22.57,0.00,0.03,-4.73,0.00,-0.13,-1.89,
22.58,0.00,0.03,-4.73,0.00,-0.13,-1.89,
22.59,0.00,0.03,-4.73,0.00,-0.13,-1.89,
22.60,0.00,0.03,-4.73,0.00,-0.13,-1.89,
22.61,0.00,0.03,-4.73,0.00,-0.13,-1.89,
22.62,0.00,0.03,-4.73,0.00,-0.13,-1.89,
22.63,0.00,0.03,-4.73,0.00,-0.13,-1.89,
22.64,0.00,0.03,-4.73,0.00,-0.13,-1.89,
22.65,0.00,0.03,-4.73,0.00,-0.13,-1.89,
22.66,0.00,0.03,-4.73,0.00,-0.13,-1.89,
22.67,0.00,0.03,-4.73,0.00,-0.13,-1.89,
22.68,0.00,0.03,-4.73,0.00,-0.13,-1.89,
22.69,0.00,0.03,-4.73,0.00,-0.13,-1.89,
22.70,0.00,0.03,-4.73,0.00,-0.13,-1.89,
22.71,0.00,0.03,-4.73,0.00,-0.13,-1.90,
22.72,0.00,0.03,-4.73,0.00,-0.13,-1.90,
22.73,0.00,0.03,-4.73,0.00,-0.13,-1.90,
22.74,0.00,0.03,-4.73,0.00,-0.13,-1.89,
22.75,0.00,0.03,-4.73,0.00,-0.13,-1.89,
22.76,0.00,0.03,-4.73,0.00,-0.13,-1.89,
22.77,0.00,0.03,-4.73,0.00,-0.13,-1.89,
22.78,0.00,0.03,-4.73,0.00,-0.13,-1.89,
22.79,0.00,0.03,-4.73,0.00,-0.13,-1.89,
22.80,0.00,0.03,-4.74,0.00,-0.13,-1.89,
22.81,0.00,0.03,-4.74,0.00,-0.13,-1.89,
22.82,0.00,0.03,-4.74,0.00,-0.13,-1.89,
22.83,0.00,0.03,-4.74,0.00,-0.13,-1.89,
22.84,0.00,0.03,-4.74,0.00,-0.13,-1.89,
22.85,0.00,0.03,-4.74,0.00,-0.13,-1.89,
22.86,0.00,0.03,-4.74,0.00,-0.13,-1.89,
22.87,0.00,0.03,-4.74,0.00,-0.13,-1.89,
22.88,0.00,0.03,-4.74,0.00,-0.13,-1.89,
22.89,0.00,0.02,-4.74,0.00,-0.13,-1.89,
22.90,0.00,0.02,-4.74,0.00,-0.13,-1.89,
22.91,0.00,0.02,-4.74,0.00,-0.13,-1.89,
22.92,0.00,0.02,-4.74,0.00,-0.13,-1.89,
22.93,0.00,0.02,-4.74,0.00,-0.13,-1.89,
22.94,0.00,0.02,-4.74,0.00,-0.13,-1.89,
22.95,0.00,0.02,-4.74,0.00,-0.13,-1.89,
22.96,0.00,0.02,-4.74,0.00,-0.13,-1.89,
22.97,0.00,0.02,-4.74,0.00,-0.13,-1.89,
22.98,0.00,0.02,-4.74,0.00,-0.13,-1.89,
22.99,0.00,0.02,-4.74,0.00,-0.13,-1.89,
23.00,0.00,0.02,-4.74,0.00,-0.13,-1.89,
23.01,0.00,0.02,-4.74,0.00,-0.13,-1.89,
23.02,0.00,0.02,-4.74,0.00,-0.13,-1.89,
23.03,0.00,0.02,-4.74,0.00,-0.13,-1.89,
23.04,0.00,0.02,-4.74,0.00,-0.13,-1.89,
23.05,0.00,0.02,-4.74,0.00,-0.13,-1.89,
23.06,0.00,0.02,-4.74,0.00,-0.13,-1.89,
23.07,0.00,0.02,-4.74,0.00,-0.13,-1.89,
23.08,0.00,0.02,-4.74,0.00,-0.13,-1.89,
23.09,0.00,0.02,-4.74,0.00,-0.13,-1.89,
23.10,0.00,0.02,-4.74,0.00,-0.13,-1.89,
23.11,0.00,0.02,-4.74,0.00,-0.13,-1.89,
23.12,0.00,0.02,-4.74,0.00,-0.13,-1.88,
23.13,0.00,0.02,-4.74,0.00,-0.13,-1.88,
23.14,0.00,0.02,-4.74,0.00,-0.13,-1.88,
23.15,0.00,0.02,-4.74,0.00,-0.13,-1.88,
23.16,0.00,0.02,-4.74,0.00,-0.13,-1.88,
23.17,0.00,0.02,-4.74,0.00,-0.13,-1.88,
23.18,0.00,0.02,-4.74,0.00,-0.13,-1.88,
23.19,0.00,0.02,-4.74,0.00,-0.13,-1.88,
23.20,0.00,0.02,-4.74,0.00,-0.13,-1.88,
23.21,0.00,0.02,-4.74,0.00,-0.13,-1.88,
23.22,0.00,0.02,-4.74,0.00,-0.13,-1.88,
23.23,0.00,0.02,-4.74,0.00,-0.13,-1.88,
23.24,0.00,0.02,-4.74,0.00,-0.13,-1.89,
23.25,0.00,0.02,-4.74,0.00,-0.13,-1.89,
23.26,0.00,0.02,-4.74,0.00,-0.13,-1.89,
23.27,0.00,0.02,-4.74,0.00,-0.13,-1.89,
23.28,0.00,0.02,-4.74,0.00,-0.13,-1.89,
23.29,0.00,0.02,-4.74,0.00,-0.13,-1.89,
23.30,0.00,0.01,-4.74,0.00,-0.13,-1.89,
23.31,0.00,0.01,-4.74,0.00,-0.13,-1.89,
23.32,0.00,0.01,-4.74,0.00,-0.13,-1.89,
23.33,0.00,0.01,-4.74,0.00,-0.13,-1.89,
23.34,0.00,0.01,-4.74,0.00,-0.13,-1.89,
23.35,0.00,0.01,-4.74,0.00,-0.13,-1.89,
23.36,0.00,0.01,-4.74,0.00,-0.13,-1.89,
23.37,0.00,0.01,-4.74,0.00,-0.13,-1.89,
23.38,0.00,0.01,-4.74,0.00,-0.13,-1.89,
23.39,0.00,0.01,-4.74,0.00,-0.13,-1.89,
23.40,0.00,0.01,-4.74,0.00,-0.13,-1.89,
23.41,0.00,0.01,-4.74,0.00,-0.13,-1.89,
23.42,0.00,0.01,-4.74,0.00,-0.13,-1.89,
23.43,0.00,0.01,-4.74,0.00,-0.13,-1.89,
23.44,0.00,0.01,-4.74,0.00,-0.13,-1.89,
23.45,0.00,0.01,-4.74,0.00,-0.13,-1.89,
23.46,0.00,0.01,-4.74,0.00,-0.13,-1.89,
23.47,0.00,0.01,-4.74,0.00,-0.13,-1.89,
23.48,0.00,0.01,-4.74,0.00,-0.13,-1.89,
23.49,0.00,0.01,-4.74,0.00,-0.13,-1.89,
23.50,0.00,0.01,-4.74,0.00,-0.13,-1.89,
23.51,0.00,0.01,-4.74,0.00,-0.13,-1.89,
23.52,0.00,0.01,-4.74,0.00,-0.13,-1.89,
23.53,0.00,0.01,-4.74,0.00,-0.12,-1.89,
23.54,0.00,0.01,-4.74,0.00,-0.12,-1.89,
23.55,0.00,0.01,-4.74,0.00,-0.12,-1.89,
23.56,0.00,0.01,-4.74,0.00,-0.12,-1.90,
23.57,0.00,0.01,-4.74,0.00,-0.12,-1.90,
23.58,0.00,0.01,-4.74,0.00,-0.12,-1.90,
23.59,0.00,0.01,-4.74,0.00,-0.12,-1.90,
23.60,0.00,0.01,-4.74,0.00,-0.12,-1.90,
23.61,0.00,0.01,-4.74,0.00,-0.12,-1.90,
23.62,0.00,0.01,-4.74,0.00,-0.12,-1.90,
23.63,0.00,0.01,-4.74,0.00,-0.12,-1.90,
23.64,0.00,0.01,-4.74,0.00,-0.12,-1.90,
23.65,0.00,0.01,-4.74,0.00,-0.12,-1.90,
23.66,0.00,0.01,-4.74,0.00,-0.12,-1.90,
23.67,0.00,0.01,-4.74,0.00,-0.13,-1.90,
23.68,0.00,0.01,-4.74,0.00,-0.13,-1.90,
23.69,0.00,0.01,-4.74,0.00,-0.13,-1.90,
23.70,0.00,0.01,-4.74,0.00,-0.13,-1.90,
23.71,0.00,0.01,-4.73,0.00,-0.13,-1.90,
23.72,0.00,0.01,-4.73,0.00,-0.13,-1.90,
23.73,0.00,0.01,-4.73,0.00,-0.13,-1.90,
23.74,0.00,0.01,-4.73,0.00,-0.13,-1.90,
23.75,0.00,0.01,-4.73,0.00,-0.13,-1.90,
23.76,0.00,0.01,-4.73,0.00,-0.13,-1.90,
23.77,0.00,0.01,-4.73,0.00,-0.13,-1.90,
23.78,0.00,0.01,-4.73,0.00,-0.13,-1.90,
23.79,0.00,0.01,-4.73,0.00,-0.13,-1.90,
23.80,0.00,0.01,-4.73,0.00,-0.13,-1.90,
23.81,0.00,0.01,-4.73,0.00,-0.13,-1.90,
23.82,0.00,0.01,-4.73,0.00,-0.13,-1.90,
23.83,0.00,0.01,-4.73,0.00,-0.13,-1.90,
23.84,0.00,0.01,-4.73,0.00,-0.13,-1.90,
23.85,0.00,0.01,-4.73,0.00,-0.13,-1.90,
23.86,0.00,0.01,-4.73,0.00,-0.13,-1.90,
23.87,0.00,0.01,-4.73,0.00,-0.13,-1.90,
23.88,0.00,0.01,-4.73,0.00,-0.13,-1.90,
23.89,0.00,0.01,-4.73,0.00,-0.13,-1.90,
23.90,0.00,0.01,-4.73,0.00,-0.13,-1.90,
23.91,0.00,0.01,-4.73,0.00,-0.13,-1.90,
23.92,0.00,0.01,-4.73,0.00,-0.13,-1.90,
23.93,0.00,0.01,-4.73,0.00,-0.13,-1.90,
23.94,0.00,0.01,-4.73,0.00,-0.13,-1.90,
23.95,0.00,0.01,-4.73,0.00,-0.13,-1.90,
23.96,0.00,0.01,-4.73,0.00,-0.13,-1.90,
23.97,0.00,0.01,-4.73,0.00,-0.13,-1.90,
23.98,0.00,0.01,-4.73,0.00,-0.13,-1.90,
23.99,0.00,0.01,-4.73,0.00,-0.13,-1.90,
24.00,0.00,0.01,-4.73,0.00,-0.13,-1.90,
24.01,0.00,0.01,-4.73,0.00,-0.13,-1.90,
24.02,0.00,0.01,-4.73,0.00,-0.13,-1.90,
24.03,0.00,0.01,-4.73,0.00,-0.13,-1.90,
24.04,0.00,0.01,-4.73,0.00,-0.13,-1.90,
24.05,0.00,0.01,-4.73,0.00,-0.13,-1.90,
24.06,0.00,0.01,-4.73,0.00,-0.13,-1.90,
24.07,0.00,0.01,-4.73,0.00,-0.13,-1.90,
24.08,0.00,0.01,-4.73,0.00,-0.13,-1.90,
24.09,0.00,0.01,-4.73,0.00,-0.13,-1.90,
24.10,0.00,0.01,-4.73,0.00,-0.13,-1.90,
24.11,0.00,0.01,-4.73,0.00,-0.13,-1.90,
24.12,0.00,0.01,-4.73,0.00,-0.13,-1.90,
24.13,0.00,0.01,-4.73,0.00,-0.13,-1.90,
24.14,0.00,0.01,-4.73,0.00,-0.13,-1.90,
24.15,0.00,0.01,-4.73,0.00,-0.13,-1.90,
24.16,0.00,0.01,-4.73,0.00,-0.13,-1.90,
24.17,0.00,0.01,-4.73,0.00,-0.13,-1.90,
24.18,0.00,0.01,-4.73,0.00,-0.13,-1.90,
24.19,0.00,0.01,-4.73,0.00,-0.13,-1.90,
24.20,0.00,0.01,-4.73,0.00,-0.13,-1.90,
24.21,0.00,0.01,-4.73,0.00,-0.13,-1.90,
24.22,0.00,0.01,-4.73,0.00,-0.13,-1.90,
24.23,0.00,0.01,-4.73,0.00,-0.13,-1.90,
24.24,0.00,0.01,-4.73,0.00,-0.13,-1.90,
24.25,0.00,0.01,-4.73,0.00,-0.13,-1.90,
24.26,0.00,0.01,-4.73,0.00,-0.13,-1.90,
24.27,0.00,0.01,-4.73,0.00,-0.13,-1.90,
24.28,0.00,0.01,-4.73,0.00,-0.13,-1.90,
24.29,0.00,0.01,-4.73,0.00,-0.13,-1.90,
24.30,0.00,0.01,-4.73,0.00,-0.13,-1.90,
24.31,0.00,0.01,-4.73,0.00,-0.13,-1.90,
24.32,0.00,0.01,-4.73,0.00,-0.13,-1.90,
24.33,0.00,0.01,-4.74,0.00,-0.13,-1.90,
24.34,0.00,0.01,-4.74,0.00,-0.13,-1.90,
24.35,0.00,0.01,-4.74,0.00,-0.13,-1.90,
24.36,0.00,0.01,-4.74,0.00,-0.13,-1.90,
24.37,0.00,0.01,-4.74,0.00,-0.13,-1.90,
24.38,0.00,0.01,-4.74,0.00,-0.13,-1.90,
24.39,0.00,0.01,-4.74,0.00,-0.13,-1.90,
24.40,0.00,0.01,-4.74,0.00,-0.13,-1.90,
24.41,0.00,0.01,-4.74,0.00,-0.13,-1.90,
24.42,0.00,0.01,-4.74,0.00,-0.13,-1.90,
24.43,0.00,0.01,-4.74,0.00,-0.13,-1.90,
24.44,0.00,0.01,-4.74,0.00,-0.13,-1.90,
24.45,0.00,0.01,-4.74,0.00,-0.13,-1.90,
24.46,0.00,0.01,-4.74,0.00,-0.13,-1.90,
24.47,0.00,0.01,-4.74,0.00,-0.13,-1.90,
24.48,0.00,0.01,-4.74,0.00,-0.13,-1.90,
24.49,0.00,0.01,-4.74,0.00,-0.13,-1.90,
24.50,0.00,0.01,-4.74,0.00,-0.13,-1.90,
24.51,0.00,0.01,-4.74,0.00,-0.13,-1.90,
24.52,0.00,0.01,-4.74,0.00,-0.13,-1.90,
24.53,0.00,0.01,-4.74,0.00,-0.13,-1.90,
24.54,0.00,0.01,-4.74,0.00,-0.13,-1.90,
24.55,0.00,0.01,-4.74,0.00,-0.13,-1.90,
24.56,0.00,0.01,-4.74,0.00,-0.13,-1.90,
24.57,0.00,0.01,-4.74,0.00,-0.13,-1.90,
24.58,0.00,0.01,-4.74,0.00,-0.13,-1.90,
24.59,0.00,0.01,-4.74,0.00,-0.13,-1.90,
24.60,0.00,0.01,-4.74,0.00,-0.13,-1.90,
24.61,0.00,0.01,-4.74,0.00,-0.13,-1.90,
24.62,0.00,0.01,-4.73,0.00,-0.13,-1.90,
24.63,0.00,0.01,-4.73,0.00,-0.13,-1.90,
24.64,0.00,0.01,-4.73,0.00,-0.13,-1.90,
24.65,0.00,0.01,-4.73,0.00,-0.13,-1.90,
24.66,0.00,0.01,-4.73,0.00,-0.13,-1.90,
24.67,0.00,0.01,-4.73,0.00,-0.13,-1.90,
24.68,0.00,0.01,-4.73,0.00,-0.13,-1.90,
24.69,0.00,0.01,-4.73,0.00,-0.13,-1.90,
24.70,0.00,0.01,-4.73,0.00,-0.13,-1.90,
24.71,0.00,0.01,-4.73,0.00,-0.13,-1.90,
24.72,0.00,0.01,-4.73,0.00,-0.13,-1.90,
24.73,0.00,0.01,-4.73,0.00,-0.13,-1.90,
24.74,0.00,0.01,-4.73,0.00,-0.13,-1.90,
24.75,0.00,0.01,-4.73,0.00,-0.13,-1.90,
24.76,0.00,0.01,-4.73,0.00,-0.13,-1.90,
24.77,0.00,0.01,-4.73,0.00,-0.13,-1.90,
24.78,0.00,0.01,-4.73,0.00,-0.13,-1.90,
24.79,0.00,0.01,-4.73,0.00,-0.13,-1.90,
24.80,0.00,0.01,-4.73,0.00,-0.13,-1.90,
24.81,0.00,0.01,-4.73,0.00,-0.13,-1.90,
24.82,0.00,0.01,-4.73,0.00,-0.13,-1.90,
24.83,0.00,0.01,-4.73,0.00,-0.13,-1.90,
24.84,0.00,0.01,-4.73,0.00,-0.14,-1.90,
24.85,0.00,0.01,-4.73,0.00,-0.14,-1.90,
24.86,0.00,0.01,-4.73,0.00,-0.14,-1.90,
24.87,0.00,0.01,-4.73,0.00,-0.14,-1.90,
24.88,0.00,0.01,-4.73,0.00,-0.14,-1.90,
24.89,0.00,0.01,-4.73,0.00,-0.14,-1.90,
24.90,0.00,0.01,-4.73,0.00,-0.14,-1.90,
24.91,0.00,0.01,-4.73,0.00,-0.14,-1.90,
24.92,0.00,0.01,-4.73,0.00,-0.14,-1.90,
24.93,0.00,0.01,-4.73,0.00,-0.14,-1.90,
24.94,0.00,0.01,-4.73,0.00,-0.14,-1.90,
24.95,0.00,0.01,-4.73,0.00,-0.14,-1.90,
24.97,0.00,0.01,-4.73,0.00,-0.14,-1.90,
24.98,0.00,0.01,-4.73,0.00,-0.14,-1.90,
24.99,0.00,0.01,-4.73,0.00,-0.14,-1.90,
24.99,0.00,0.01,-4.73,0.00,-0.14,-1.90,
25.00,0.00,0.01,-4.73,0.00,-0.14,-1.90,
25.01,0.00,0.01,-4.73,0.00,-0.14,-1.90,
25.02,0.00,0.01,-4.73,0.00,-0.14,-1.90,
25.03,0.00,0.01,-4.73,0.00,-0.14,-1.90,
25.04,0.00,0.01,-4.73,0.00,-0.14,-1.90,
25.05,0.00,0.01,-4.73,0.00,-0.14,-1.90,
25.06,0.00,0.01,-4.73,0.00,-0.14,-1.90,
25.07,0.00,0.01,-4.73,0.00,-0.14,-1.90,
25.08,0.00,0.01,-4.73,0.00,-0.14,-1.90,
25.09,0.00,0.01,-4.73,0.00,-0.14,-1.90,
25.10,0.00,0.01,-4.73,0.00,-0.14,-1.89,
25.11,0.00,0.01,-4.73,0.00,-0.14,-1.89,
25.12,0.00,0.01,-4.73,0.00,-0.14,-1.89,
25.14,0.00,0.01,-4.73,0.00,-0.14,-1.89,
25.15,0.00,0.01,-4.73,0.00,-0.14,-1.89,
25.16,0.00,0.01,-4.73,0.00,-0.14,-1.89,
25.17,0.00,0.01,-4.73,0.00,-0.14,-1.89,
25.17,0.00,0.01,-4.73,0.00,-0.14,-1.89,
25.18,0.00,0.01,-4.73,0.00,-0.14,-1.89,
25.19,0.00,0.01,-4.73,0.00,-0.14,-1.89,
25.20,0.00,0.01,-4.73,0.00,-0.14,-1.89,
25.22,0.00,0.01,-4.73,0.00,-0.14,-1.89,
25.23,0.00,0.01,-4.73,0.00,-0.14,-1.89,
25.24,0.00,0.01,-4.73,0.00,-0.14,-1.89,
25.25,0.00,0.01,-4.73,0.00,-0.14,-1.89,
25.25,0.00,0.01,-4.74,0.00,-0.14,-1.89,
25.26,0.00,0.01,-4.74,0.00,-0.14,-1.89,
25.27,0.00,0.01,-4.74,0.00,-0.14,-1.89,
25.28,0.00,0.01,-4.74,0.00,-0.14,-1.89,
25.30,0.00,0.01,-4.74,0.00,-0.14,-1.89,
25.31,0.00,0.01,-4.74,0.00,-0.14,-1.89,
25.32,0.00,0.01,-4.74,0.00,-0.14,-1.89,
25.33,0.00,0.01,-4.74,0.00,-0.14,-1.89,
25.33,0.00,0.01,-4.74,0.00,-0.14,-1.89,
25.34,0.00,0.01,-4.74,0.00,-0.14,-1.89,
25.35,0.00,0.01,-4.74,0.00,-0.14,-1.89,
25.36,0.00,0.01,-4.74,0.00,-0.14,-1.89,
25.38,0.00,0.01,-4.74,0.00,-0.14,-1.89,
25.39,0.00,0.01,-4.74,0.00,-0.14,-1.89,
25.40,0.00,0.01,-4.74,0.00,-0.14,-1.89,
25.41,0.00,0.01,-4.74,0.00,-0.14,-1.89,
25.42,0.00,0.01,-4.74,0.00,-0.14,-1.89,
25.43,0.00,0.01,-4.74,0.00,-0.14,-1.89,
25.44,0.00,0.01,-4.74,0.00,-0.14,-1.89,
25.45,0.00,0.01,-4.74,0.00,-0.14,-1.89,
25.46,0.00,0.01,-4.74,0.00,-0.14,-1.89,
25.47,0.00,0.01,-4.74,0.00,-0.14,-1.90,
25.48,0.00,0.01,-4.74,0.00,-0.14,-1.89,
25.49,0.00,0.01,-4.74,0.00,-0.13,-1.89,
25.50,0.00,0.01,-4.74,0.00,-0.13,-1.89,
25.50,0.00,0.01,-4.74,0.00,-0.13,-1.89,
25.51,0.00,0.01,-4.74,0.00,-0.13,-1.89,
25.52,0.00,0.01,-4.74,0.00,-0.13,-1.89,
25.53,0.00,0.01,-4.74,0.00,-0.13,-1.89,
25.55,0.00,0.01,-4.74,0.00,-0.13,-1.89,
25.56,0.00,0.01,-4.74,0.00,-0.13,-1.89,
25.57,0.00,0.01,-4.74,0.00,-0.13,-1.89,
25.58,0.00,0.01,-4.74,0.00,-0.13,-1.89,
25.59,0.00,0.00,-4.74,0.00,-0.13,-1.89,
25.60,0.00,0.00,-4.74,0.00,-0.13,-1.89,
25.61,0.00,0.00,-4.74,0.00,-0.13,-1.89,
25.62,0.00,0.00,-4.73,0.00,-0.13,-1.89,
25.63,0.00,0.00,-4.73,0.00,-0.13,-1.89,
25.64,0.00,0.00,-4.73,0.00,-0.13,-1.89,
25.65,0.00,0.00,-4.73,0.00,-0.13,-1.89,
25.66,0.00,0.00,-4.73,0.00,-0.13,-1.89,
25.67,0.00,0.00,-4.73,0.00,-0.13,-1.89,
25.68,0.00,0.00,-4.73,0.00,-0.13,-1.89,
25.69,0.00,0.00,-4.73,0.00,-0.13,-1.89,
25.70,0.00,0.00,-4.73,0.00,-0.13,-1.89,
25.71,0.00,0.00,-4.73,0.00,-0.13,-1.89,
25.72,0.00,0.00,-4.73,0.00,-0.13,-1.89,
25.73,0.00,0.00,-4.73,0.00,-0.13,-1.89,
25.74,0.00,0.00,-4.73,0.00,-0.13,-1.89,
25.75,0.00,0.00,-4.73,0.00,-0.13,-1.89,
25.76,0.00,0.00,-4.73,0.00,-0.13,-1.89,
25.77,0.00,0.00,-4.73,0.00,-0.13,-1.89,
25.78,0.00,0.00,-4.73,0.00,-0.13,-1.89,
25.79,0.00,0.00,-4.74,0.00,-0.13,-1.89,
25.80,0.00,0.00,-4.74,0.00,-0.13,-1.89,
25.81,0.00,0.00,-4.74,0.00,-0.13,-1.89,
25.82,0.00,0.00,-4.74,0.00,-0.13,-1.89,
25.83,0.00,0.00,-4.74,0.00,-0.13,-1.89,
25.84,0.00,0.00,-4.74,0.00,-0.13,-1.89,
25.85,0.00,0.00,-4.74,0.00,-0.13,-1.88,
25.86,0.00,0.01,-4.74,0.00,-0.13,-1.88,
25.87,0.00,0.01,-4.74,0.00,-0.13,-1.88,
25.88,0.00,0.01,-4.74,0.00,-0.13,-1.88,
25.89,0.00,0.01,-4.74,0.00,-0.13,-1.88,
25.90,0.00,0.01,-4.74,0.00,-0.13,-1.88,
25.91,0.00,0.01,-4.74,0.00,-0.13,-1.88,
25.92,0.00,0.01,-4.74,0.00,-0.13,-1.88,
25.93,0.00,0.01,-4.74,0.00,-0.13,-1.88,
25.94,0.00,0.01,-4.74,0.00,-0.13,-1.88,
25.95,0.00,0.01,-4.74,0.00,-0.13,-1.88,
25.96,0.00,0.01,-4.74,0.00,-0.13,-1.88,
25.97,0.00,0.01,-4.74,0.00,-0.13,-1.88,
25.98,0.00,0.01,-4.74,0.00,-0.13,-1.88,
25.99,0.00,0.01,-4.74,0.00,-0.13,-1.88,
26.00,0.00,0.01,-4.74,0.00,-0.13,-1.88,
26.01,0.00,0.01,-4.74,0.00,-0.13,-1.88,
26.02,0.00,0.01,-4.74,0.00,-0.13,-1.88,
26.03,0.00,0.01,-4.74,0.00,-0.13,-1.88,
26.04,0.00,0.01,-4.74,0.00,-0.13,-1.88,
26.05,0.00,0.01,-4.74,0.00,-0.13,-1.88,
26.06,0.00,0.01,-4.74,0.00,-0.13,-1.88,
26.07,0.00,0.01,-4.74,0.00,-0.13,-1.88,
26.08,0.00,0.02,-4.74,0.00,-0.13,-1.88,
26.09,0.00,0.02,-4.74,0.00,-0.13,-1.88,
26.10,0.00,0.02,-4.74,0.00,-0.13,-1.88,
26.11,0.00,0.02,-4.74,0.00,-0.13,-1.88,
26.12,0.00,0.02,-4.74,0.00,-0.13,-1.88,
26.13,0.00,0.02,-4.74,0.00,-0.13,-1.88,
26.14,0.00,0.02,-4.74,0.00,-0.13,-1.88,
26.15,0.00,0.02,-4.74,0.00,-0.13,-1.88,
26.16,0.00,0.02,-4.74,0.00,-0.13,-1.88,
26.17,0.00,0.02,-4.74,0.00,-0.13,-1.88,
26.18,0.00,0.02,-4.74,0.00,-0.13,-1.88,
26.19,0.00,0.02,-4.74,0.00,-0.13,-1.88,
26.20,0.00,0.02,-4.74,0.00,-0.13,-1.88,
26.21,0.00,0.02,-4.73,0.00,-0.13,-1.88,
26.22,0.00,0.02,-4.73,0.00,-0.13,-1.88,
26.23,0.00,0.02,-4.73,0.00,-0.13,-1.88,
26.24,0.00,0.02,-4.73,0.00,-0.13,-1.88,
26.25,0.00,0.02,-4.73,0.00,-0.13,-1.88,
26.26,0.00,0.02,-4.73,0.00,-0.13,-1.88,
26.27,0.00,0.02,-4.73,0.00,-0.13,-1.88,
26.28,0.00,0.02,-4.73,0.00,-0.13,-1.88,
26.29,0.00,0.02,-4.73,0.00,-0.13,-1.88,
26.30,0.00,0.02,-4.73,0.00,-0.13,-1.88,
26.31,0.00,0.02,-4.73,0.00,-0.13,-1.88,
26.32,0.00,0.02,-4.73,0.00,-0.13,-1.88,
26.33,0.00,0.02,-4.73,0.00,-0.13,-1.88,
26.34,0.00,0.02,-4.73,0.00,-0.13,-1.88,
26.35,0.00,0.01,-4.73,0.00,-0.13,-1.88,
26.36,0.00,0.01,-4.73,0.00,-0.13,-1.88,
26.37,0.00,0.01,-4.73,0.00,-0.13,-1.88,
26.38,0.00,0.01,-4.73,0.00,-0.13,-1.88,
26.39,0.00,0.01,-4.73,0.00,-0.13,-1.88,
26.40,0.00,0.01,-4.73,0.00,-0.13,-1.88,
26.41,0.00,0.01,-4.73,0.00,-0.14,-1.88,
26.42,0.00,0.01,-4.73,0.00,-0.14,-1.88,
26.43,0.00,0.01,-4.73,0.00,-0.14,-1.88,
26.44,0.00,0.01,-4.73,0.00,-0.14,-1.88,
26.45,0.00,0.01,-4.73,0.00,-0.14,-1.88,
26.46,0.00,0.01,-4.73,0.00,-0.14,-1.88,
26.47,0.00,0.01,-4.73,0.00,-0.14,-1.88,
26.48,0.00,0.01,-4.73,0.00,-0.14,-1.88,
26.49,0.00,0.01,-4.73,0.00,-0.14,-1.88,
26.50,0.00,0.01,-4.73,0.00,-0.14,-1.88,
26.51,0.00,0.01,-4.73,0.00,-0.14,-1.88,
26.52,0.00,0.01,-4.73,0.00,-0.14,-1.88,
26.53,0.00,0.01,-4.73,0.00,-0.14,-1.88,
26.54,0.00,0.02,-4.73,0.00,-0.14,-1.88,
26.55,0.00,0.02,-4.73,0.00,-0.14,-1.88,
26.56,0.00,0.02,-4.73,0.00,-0.14,-1.88,
26.57,0.00,0.02,-4.73,0.00,-0.14,-1.88,
26.58,0.00,0.02,-4.73,0.00,-0.14,-1.88,
26.59,0.00,0.02,-4.73,0.00,-0.14,-1.88,
26.60,0.00,0.02,-4.73,0.00,-0.14,-1.88,
26.61,0.00,0.01,-4.73,0.00,-0.14,-1.88,
26.62,0.00,0.01,-4.73,0.00,-0.14,-1.88,
26.63,0.00,0.01,-4.73,0.00,-0.14,-1.88,
26.64,0.00,0.01,-4.73,0.00,-0.14,-1.88,
26.65,0.00,0.01,-4.73,0.00,-0.14,-1.88,
26.66,0.00,0.01,-4.73,0.00,-0.14,-1.88,
26.67,0.00,0.01,-4.73,0.00,-0.14,-1.88,
26.68,0.00,0.01,-4.73,0.00,-0.14,-1.88,
26.69,0.00,0.01,-4.74,0.00,-0.14,-1.88,
26.70,0.00,0.01,-4.74,0.00,-0.14,-1.88,
26.71,0.00,0.01,-4.74,0.00,-0.14,-1.88,
26.72,0.00,0.01,-4.74,0.00,-0.14,-1.88,
26.73,0.00,0.01,-4.74,0.00,-0.14,-1.88,
26.74,0.00,0.01,-4.74,0.00,-0.14,-1.88,
26.75,0.00,0.01,-4.74,0.00,-0.14,-1.88,
26.76,0.00,0.01,-4.74,0.00,-0.14,-1.88,
26.77,0.00,0.01,-4.74,0.00,-0.14,-1.88,
26.78,0.00,0.01,-4.74,0.00,-0.14,-1.88,
26.79,0.00,0.01,-4.74,0.00,-0.14,-1.88,
26.80,0.00,0.01,-4.73,0.00,-0.14,-1.88,
26.81,0.00,0.01,-4.73,0.00,-0.14,-1.88,
26.82,0.00,0.01,-4.73,0.00,-0.14,-1.88,
26.83,0.00,0.01,-4.73,0.00,-0.14,-1.88,
26.84,0.00,0.01,-4.73,0.00,-0.14,-1.88,
26.85,0.00,0.01,-4.73,0.00,-0.14,-1.88,
26.86,0.00,0.01,-4.73,0.00,-0.14,-1.88,
26.87,0.00,0.01,-4.73,0.00,-0.14,-1.88,
26.88,0.00,0.01,-4.73,0.00,-0.14,-1.88,
26.89,0.00,0.01,-4.73,0.00,-0.14,-1.88,
26.90,0.00,0.01,-4.73,0.00,-0.14,-1.88,
26.91,0.00,0.01,-4.73,0.00,-0.14,-1.88,
26.92,0.00,0.01,-4.73,0.00,-0.14,-1.88,
26.93,0.00,0.01,-4.73,0.00,-0.14,-1.88,
26.94,0.00,0.01,-4.73,0.00,-0.14,-1.88,
26.95,0.00,0.01,-4.73,0.00,-0.14,-1.88,
26.96,0.00,0.01,-4.73,0.00,-0.14,-1.88,
26.97,0.00,0.01,-4.73,0.00,-0.14,-1.88,
26.98,0.00,0.01,-4.73,0.00,-0.14,-1.88,
26.99,0.00,0.01,-4.73,0.00,-0.14,-1.88,
27.00,0.00,0.01,-4.73,0.00,-0.14,-1.88,
27.01,0.00,0.01,-4.73,0.00,-0.14,-1.88,
27.02,0.00,0.01,-4.73,0.00,-0.14,-1.88,
27.03,0.00,0.01,-4.73,0.00,-0.14,-1.88,
27.04,0.00,0.01,-4.73,0.00,-0.14,-1.88,
27.05,0.00,0.01,-4.73,0.00,-0.14,-1.88,
27.06,0.00,0.01,-4.73,0.00,-0.14,-1.88,
27.07,0.00,0.01,-4.73,0.00,-0.14,-1.88,
27.08,0.00,0.01,-4.73,0.00,-0.14,-1.88,
27.09,0.00,0.01,-4.73,0.00,-0.14,-1.88,
27.10,0.00,0.01,-4.73,0.00,-0.14,-1.88,
27.11,0.00,0.01,-4.73,0.00,-0.14,-1.88,
27.12,0.00,0.01,-4.73,0.00,-0.14,-1.89,
27.13,0.00,0.01,-4.73,0.00,-0.14,-1.89,
27.14,0.00,0.01,-4.73,0.00,-0.14,-1.89,
27.15,0.00,0.01,-4.73,0.00,-0.14,-1.89,
27.16,0.00,0.01,-4.73,0.00,-0.14,-1.89,
27.17,0.00,0.01,-4.73,0.00,-0.14,-1.89,
27.18,0.00,0.01,-4.73,0.00,-0.14,-1.89,
27.19,0.00,0.01,-4.73,0.00,-0.14,-1.89,
27.20,0.00,0.01,-4.73,0.00,-0.14,-1.89,
27.21,0.00,0.01,-4.73,0.00,-0.14,-1.89,
27.22,0.00,0.01,-4.73,0.00,-0.14,-1.89,
27.23,0.00,0.01,-4.73,0.00,-0.14,-1.89,
27.24,0.00,0.01,-4.73,0.00,-0.14,-1.89,
27.25,0.00,0.01,-4.73,0.00,-0.14,-1.89,
27.26,0.00,0.01,-4.73,0.00,-0.14,-1.89,
27.27,0.00,0.01,-4.73,0.00,-0.14,-1.89,
27.28,0.00,0.01,-4.73,0.00,-0.14,-1.89,
27.29,0.00,0.01,-4.73,0.00,-0.14,-1.89,
27.30,0.00,0.01,-4.73,0.00,-0.14,-1.89,
27.31,0.00,0.01,-4.73,0.00,-0.14,-1.89,
27.32,0.00,0.01,-4.73,0.00,-0.14,-1.89,
27.33,0.00,0.01,-4.74,0.00,-0.14,-1.89,
27.34,0.00,0.01,-4.73,0.00,-0.14,-1.89,
27.35,0.00,0.01,-4.73,0.00,-0.13,-1.89,
27.36,0.00,0.01,-4.73,0.00,-0.13,-1.89,
27.37,0.00,0.01,-4.73,0.00,-0.13,-1.89,
27.38,0.00,0.01,-4.73,0.00,-0.13,-1.89,
27.39,0.00,0.01,-4.73,0.00,-0.13,-1.89,
27.40,0.00,0.01,-4.73,0.00,-0.13,-1.89,
27.41,0.00,0.01,-4.73,0.00,-0.13,-1.89,
27.42,0.00,0.01,-4.73,0.00,-0.13,-1.89,
27.43,0.00,0.01,-4.73,0.00,-0.13,-1.89,
27.44,0.00,0.01,-4.73,0.00,-0.13,-1.89,
27.45,0.00,0.01,-4.73,0.00,-0.13,-1.89,
27.46,0.00,0.01,-4.74,0.00,-0.13,-1.89,
27.47,0.00,0.01,-4.74,0.00,-0.13,-1.89,
27.48,0.00,0.01,-4.74,0.00,-0.13,-1.89,
27.49,0.00,0.01,-4.73,0.00,-0.13,-1.89,
27.50,0.00,0.01,-4.73,0.00,-0.13,-1.89,
27.51,0.00,0.01,-4.73,0.00,-0.13,-1.89,
27.52,0.00,0.01,-4.73,0.00,-0.13,-1.89,
27.53,0.00,0.01,-4.73,0.00,-0.13,-1.89,
27.54,0.00,0.01,-4.73,0.00,-0.13,-1.89,
27.55,0.00,0.01,-4.73,0.00,-0.13,-1.89,
27.56,0.00,0.01,-4.73,0.00,-0.13,-1.89,
27.57,0.00,0.01,-4.73,0.00,-0.13,-1.89,
27.58,0.00,0.01,-4.73,0.00,-0.13,-1.89,
27.59,0.00,0.01,-4.73,0.00,-0.13,-1.89,
27.60,0.00,0.01,-4.73,0.00,-0.13,-1.89,
27.61,0.00,0.01,-4.73,0.00,-0.13,-1.88,
27.62,0.00,0.01,-4.73,0.00,-0.13,-1.88,
27.63,0.00,0.01,-4.73,0.00,-0.13,-1.88,
27.64,0.00,0.01,-4.73,0.00,-0.13,-1.88,
27.65,0.00,0.01,-4.73,0.00,-0.13,-1.88,
27.66,0.00,0.01,-4.73,0.00,-0.13,-1.88,
27.67,0.00,0.01,-4.73,0.00,-0.13,-1.88,
27.68,0.00,0.01,-4.73,0.00,-0.13,-1.89,
27.69,0.00,0.01,-4.73,0.00,-0.13,-1.89,
27.70,0.00,0.01,-4.73,0.00,-0.13,-1.89,
27.71,0.00,0.02,-4.73,0.00,-0.12,-1.89,
27.72,0.00,0.02,-4.73,0.00,-0.12,-1.89,
27.73,0.00,0.02,-4.73,0.00,-0.12,-1.89,
27.74,0.00,0.02,-4.72,0.00,-0.12,-1.89,
27.75,0.00,0.02,-4.72,0.00,-0.12,-1.89,
27.76,0.00,0.02,-4.72,0.00,-0.12,-1.89,
27.77,0.00,0.02,-4.72,0.00,-0.12,-1.89,
27.78,0.00,0.02,-4.72,0.00,-0.13,-1.89,
27.79,0.00,0.02,-4.72,0.00,-0.13,-1.89,
27.80,0.00,0.02,-4.72,0.00,-0.13,-1.89,
27.81,0.00,0.02,-4.72,0.00,-0.13,-1.89,
27.82,0.00,0.02,-4.72,0.00,-0.13,-1.89,
27.83,0.00,0.02,-4.72,0.00,-0.13,-1.89,
27.84,0.00,0.02,-4.72,0.00,-0.13,-1.89,
27.85,0.00,0.02,-4.72,0.00,-0.13,-1.89,
27.86,0.00,0.02,-4.72,0.00,-0.13,-1.89,
27.87,0.00,0.02,-4.72,0.00,-0.13,-1.89,
27.88,0.00,0.02,-4.72,0.00,-0.13,-1.89,
27.89,0.00,0.02,-4.72,0.00,-0.13,-1.89,
27.90,0.00,0.02,-4.72,0.00,-0.13,-1.89,
27.91,0.00,0.02,-4.72,0.00,-0.13,-1.89,
27.92,0.00,0.02,-4.72,0.00,-0.13,-1.89,
27.93,0.00,0.02,-4.72,0.00,-0.13,-1.89,
27.94,0.00,0.02,-4.72,0.00,-0.13,-1.89,
27.95,0.00,0.02,-4.72,0.00,-0.13,-1.89,
27.96,0.00,0.02,-4.72,0.00,-0.13,-1.89,
27.97,0.00,0.02,-4.72,0.00,-0.13,-1.89,
27.98,0.00,0.02,-4.72,0.00,-0.13,-1.89,
27.99,0.00,0.02,-4.72,0.00,-0.13,-1.89,
28.00,0.00,0.02,-4.72,0.00,-0.13,-1.89,
28.01,0.00,0.02,-4.72,0.00,-0.13,-1.90,
28.02,0.00,0.02,-4.72,0.00,-0.13,-1.90,
28.03,0.00,0.02,-4.72,0.00,-0.13,-1.90,
28.04,0.00,0.02,-4.72,0.00,-0.13,-1.90,
28.05,0.00,0.02,-4.72,0.00,-0.13,-1.90,
28.06,0.00,0.03,-4.72,0.00,-0.13,-1.90,
28.07,0.00,0.03,-4.72,0.00,-0.13,-1.90,
28.08,0.00,0.03,-4.72,0.00,-0.13,-1.90,
28.09,0.00,0.03,-4.72,0.00,-0.13,-1.90,
28.10,0.00,0.03,-4.72,0.00,-0.13,-1.90,
28.11,0.00,0.03,-4.71,0.00,-0.13,-1.90,
28.12,0.00,0.03,-4.71,0.00,-0.13,-1.90,
28.13,0.00,0.03,-4.71,0.00,-0.13,-1.90,
28.14,0.00,0.03,-4.71,0.00,-0.13,-1.90,
28.15,0.00,0.03,-4.71,0.00,-0.13,-1.90,
28.16,0.00,0.03,-4.71,0.00,-0.13,-1.90,
28.17,0.00,0.03,-4.71,0.00,-0.13,-1.90,
28.18,0.00,0.03,-4.71,0.00,-0.13,-1.90,
28.19,0.00,0.03,-4.71,0.00,-0.13,-1.90,
28.20,0.00,0.03,-4.71,0.00,-0.13,-1.90,
28.21,0.00,0.03,-4.71,0.00,-0.13,-1.90,
28.22,0.00,0.03,-4.71,0.00,-0.13,-1.90,
28.23,0.00,0.03,-4.71,0.00,-0.13,-1.90,
28.24,0.00,0.03,-4.71,0.00,-0.13,-1.90,
28.25,0.00,0.03,-4.71,0.00,-0.13,-1.90,
28.26,0.00,0.03,-4.71,0.00,-0.13,-1.90,
28.27,0.00,0.03,-4.71,0.00,-0.13,-1.90,
28.28,0.00,0.03,-4.71,0.00,-0.13,-1.90,
28.29,0.00,0.03,-4.71,0.00,-0.13,-1.90,
28.30,0.00,0.02,-4.71,0.00,-0.13,-1.90,
28.31,0.00,0.02,-4.71,0.00,-0.13,-1.90,
28.32,0.00,0.02,-4.71,0.00,-0.13,-1.90,
28.33,0.00,0.02,-4.71,0.00,-0.13,-1.90,
28.34,0.00,0.02,-4.71,0.00,-0.13,-1.90,
28.35,0.00,0.02,-4.71,0.00,-0.13,-1.90,
28.36,0.00,0.02,-4.71,0.00,-0.13,-1.90,
28.37,0.00,0.02,-4.71,0.00,-0.13,-1.90,
28.38,0.00,0.02,-4.71,0.00,-0.13,-1.90,
28.39,0.00,0.02,-4.71,0.00,-0.13,-1.90,
28.40,0.00,0.02,-4.71,0.00,-0.13,-1.90,
28.41,0.00,0.02,-4.71,0.00,-0.13,-1.90,
28.42,0.00,0.03,-4.71,0.00,-0.13,-1.90,
28.43,0.00,0.03,-4.71,0.00,-0.13,-1.90,
28.44,0.00,0.03,-4.71,0.00,-0.13,-1.90,
28.45,0.00,0.03,-4.71,0.00,-0.13,-1.90,
28.46,0.00,0.03,-4.71,0.00,-0.13,-1.90,
28.47,0.00,0.03,-4.71,0.00,-0.13,-1.90,
28.48,0.00,0.03,-4.71,0.00,-0.13,-1.90,
28.49,0.00,0.03,-4.71,0.00,-0.13,-1.90,
28.50,0.00,0.03,-4.71,0.00,-0.13,-1.90,
28.51,0.00,0.03,-4.71,0.00,-0.13,-1.90,
28.52,0.00,0.03,-4.71,0.00,-0.13,-1.90,
28.53,0.00,0.03,-4.71,0.00,-0.13,-1.90,
28.54,0.00,0.03,-4.71,0.00,-0.13,-1.90,
28.55,0.00,0.03,-4.71,0.00,-0.13,-1.90,
28.56,0.00,0.03,-4.71,0.00,-0.13,-1.91,
28.57,0.00,0.03,-4.71,0.00,-0.13,-1.91,
28.58,0.00,0.03,-4.71,0.00,-0.13,-1.91,
28.59,0.00,0.03,-4.71,0.00,-0.13,-1.91,
28.60,0.00,0.03,-4.71,0.00,-0.13,-1.91,
28.61,0.00,0.03,-4.71,0.00,-0.13,-1.91,
28.62,0.00,0.03,-4.71,0.00,-0.13,-1.91,
28.63,0.00,0.03,-4.71,0.00,-0.13,-1.91,
28.64,0.00,0.03,-4.71,0.00,-0.13,-1.91,
28.65,0.00,0.03,-4.71,0.00,-0.13,-1.91,
28.66,0.00,0.03,-4.72,0.00,-0.13,-1.91,
28.67,0.00,0.03,-4.72,0.00,-0.13,-1.91,
28.68,0.00,0.03,-4.72,0.00,-0.13,-1.91,
28.69,0.00,0.03,-4.72,0.00,-0.13,-1.91,
28.70,0.00,0.03,-4.72,0.00,-0.13,-1.91,
28.71,0.00,0.03,-4.72,0.00,-0.13,-1.91,
28.72,0.00,0.03,-4.72,0.00,-0.13,-1.91,
28.73,0.00,0.03,-4.72,0.00,-0.13,-1.91,
28.74,0.00,0.03,-4.72,0.00,-0.13,-1.91,
28.75,0.00,0.03,-4.72,0.00,-0.13,-1.91,
28.76,0.00,0.03,-4.72,0.00,-0.13,-1.91,
28.77,0.00,0.02,-4.72,0.00,-0.13,-1.91,
28.78,0.00,0.02,-4.72,0.00,-0.13,-1.91,
28.79,0.00,0.02,-4.72,0.00,-0.13,-1.91,
28.80,0.00,0.02,-4.72,0.00,-0.13,-1.91,
28.81,0.00,0.02,-4.72,0.00,-0.13,-1.91,
28.82,0.00,0.02,-4.72,0.00,-0.13,-1.91,
28.83,0.00,0.02,-4.72,0.00,-0.13,-1.91,
28.84,0.00,0.02,-4.72,0.00,-0.13,-1.91,
28.85,0.00,0.02,-4.72,0.00,-0.13,-1.91,
28.86,0.00,0.02,-4.72,0.00,-0.13,-1.91,
28.87,0.00,0.02,-4.72,0.00,-0.13,-1.91,
28.88,0.00,0.02,-4.72,0.00,-0.13,-1.91,
28.89,0.00,0.02,-4.72,0.00,-0.13,-1.91,
28.90,0.00,0.02,-4.72,0.00,-0.13,-1.91,
28.91,0.00,0.02,-4.72,0.00,-0.13,-1.91,
28.92,0.00,0.02,-4.72,0.00,-0.13,-1.91,
28.93,0.00,0.02,-4.72,0.00,-0.13,-1.91,
28.94,0.00,0.02,-4.72,0.00,-0.13,-1.91,
28.95,0.00,0.02,-4.72,0.00,-0.13,-1.91,
28.96,0.00,0.02,-4.72,0.00,-0.13,-1.91,
28.97,0.00,0.02,-4.72,0.00,-0.13,-1.91,
28.98,0.00,0.02,-4.72,0.00,-0.13,-1.91,
28.99,0.00,0.02,-4.73,0.00,-0.13,-1.91,
29.00,0.00,0.02,-4.73,0.00,-0.13,-1.91,
29.01,0.00,0.02,-4.72,0.00,-0.13,-1.91,
29.02,0.00,0.02,-4.72,0.00,-0.13,-1.91,
29.03,0.00,0.02,-4.72,0.00,-0.13,-1.91,
29.04,0.00,0.02,-4.72,0.00,-0.13,-1.91,
29.05,0.00,0.02,-4.72,0.00,-0.13,-1.91,
29.06,0.00,0.02,-4.72,0.00,-0.13,-1.91,
29.07,0.00,0.02,-4.72,0.00,-0.13,-1.91,
29.08,0.00,0.02,-4.72,0.00,-0.13,-1.91,
29.09,0.00,0.02,-4.72,0.00,-0.13,-1.91,
29.10,0.00,0.02,-4.72,0.00,-0.13,-1.91,
29.11,0.00,0.02,-4.72,0.00,-0.13,-1.91,
29.12,0.00,0.02,-4.72,0.00,-0.13,-1.91,
29.13,0.00,0.02,-4.72,0.00,-0.13,-1.91,
29.14,0.00,0.02,-4.72,0.00,-0.13,-1.91,
29.15,0.00,0.02,-4.72,0.00,-0.13,-1.91,
29.16,0.00,0.02,-4.72,0.00,-0.13,-1.91,
29.17,0.00,0.01,-4.72,0.00,-0.13,-1.91,
29.18,0.00,0.01,-4.72,0.00,-0.13,-1.91,
29.19,0.00,0.01,-4.72,0.00,-0.13,-1.91,
29.20,0.00,0.01,-4.72,0.00,-0.13,-1.91,
29.21,0.00,0.01,-4.72,0.00,-0.13,-1.90,
29.22,0.00,0.01,-4.72,0.00,-0.13,-1.90,
29.23,0.00,0.01,-4.72,0.00,-0.13,-1.90,
